city_ID,city,lat,lng,country,population
0,Sydney,-33.865,151.2094,Australia,4840600.0
1,Melbourne,-37.8136,144.9631,Australia,4529500.0
2,Brisbane,-27.4678,153.0281,Australia,2360241.0
3,Perth,-31.9522,115.8589,Australia,2039200.0
4,Adelaide,-34.9275,138.6,Australia,1295714.0
5,Gold Coast,-28.0167,153.4,Australia,638090.0
6,Cranbourne,-38.0996,145.2834,Australia,460491.0
7,Canberra,-35.2931,149.1269,Australia,381488.0
8,Central Coast,-33.3,151.2,Australia,297713.0
9,Wollongong,-34.4331,150.8831,Australia,261896.0
10,Hobart,-42.8806,147.325,Australia,222356.0
11,Geelong,-38.15,144.35,Australia,184182.0
12,Townsville,-19.25,146.8167,Australia,178649.0
13,Ipswich,-27.6167,152.7667,Australia,163000.0
14,Newcastle,-32.9167,151.75,Australia,152984.0
15,Cairns,-16.92,145.78,Australia,146778.0
16,Darwin,-12.4381,130.8411,Australia,136828.0
17,Toowoomba,-27.5667,151.95,Australia,135631.0
18,Launceston,-41.4419,147.145,Australia,106153.0
19,Ballarat,-37.5608,143.8475,Australia,98543.0
20,Bendigo,-36.75,144.2667,Australia,95587.0
21,Bunbury,-33.3272,115.6369,Australia,71090.0
22,Bundaberg,-24.8661,152.3494,Australia,70540.0
23,Wagga Wagga,-35.1189,147.3689,Australia,67364.0
24,Melton,-37.6833,144.5833,Australia,54455.0
25,Hervey Bay,-25.29,152.84,Australia,52073.0
26,Pakenham,-38.0712,145.4878,Australia,46421.0
27,Port Macquarie,-31.4333,152.9,Australia,44830.0
28,Caloundra,-26.7986,153.1289,Australia,41293.0
29,Dubbo,-32.2569,148.6011,Australia,38943.0
30,Orange,-33.2833,149.1,Australia,38097.0
31,Frankston,-38.158,145.135,Australia,36097.0
32,Sunbury,-37.5811,144.7139,Australia,36084.0
33,Bathurst,-33.42,149.5778,Australia,34303.0
34,Gladstone,-23.8427,151.2555,Australia,33418.0
35,Mildura,-34.1889,142.1583,Australia,32738.0
36,Geraldton,-28.7744,114.6089,Australia,31982.0
37,Southport,-27.9667,153.4,Australia,31908.0
38,Shepparton,-36.3833,145.4,Australia,31197.0
39,Kalgoorlie,-30.7489,121.4658,Australia,30841.0
40,Dandenong,-37.981,145.215,Australia,29906.0
41,Warrnambool,-38.3833,142.4833,Australia,29661.0
42,Albany,-35.0228,117.8814,Australia,29373.0
43,Burnie,-41.0636,145.8753,Australia,27174.0
44,Quakers Hill,-33.7344,150.8789,Australia,27080.0
45,Caboolture,-27.0667,152.967,Australia,26433.0
46,Coffs Harbour,-30.3022,153.1189,Australia,25752.0
47,Mount Gambier,-37.8294,140.7828,Australia,25512.0
48,Busselton,-33.6478,115.3458,Australia,25329.0
49,Traralgon,-38.1958,146.5403,Australia,24933.0
50,Vienna,48.2083,16.3725,Austria,1911191.0
51,Graz,47.0708,15.4386,Austria,289440.0
52,Linz,48.3,14.2833,Austria,204846.0
53,Salzburg,47.7972,13.0477,Austria,155021.0
54,Innsbruck,47.2683,11.3933,Austria,132493.0
55,Klagenfurt,46.6167,14.3,Austria,101403.0
56,Villach,46.6167,13.8333,Austria,61879.0
57,Wels,48.15,14.0167,Austria,61233.0
58,Sankt Pölten,48.2,15.6167,Austria,55514.0
59,Dornbirn,47.4167,9.75,Austria,48067.0
60,Wiener Neustadt,47.8167,16.25,Austria,44461.0
61,Steyr,48.05,14.4167,Austria,38331.0
62,Bregenz,47.505,9.7492,Austria,29806.0
63,Leonding,48.2792,14.2528,Austria,28698.0
64,Klosterneuburg,48.3042,16.3167,Austria,27058.0
65,Wolfsberg,46.8419,14.8408,Austria,25035.0
66,Leoben,47.3817,15.0972,Austria,24645.0
67,Krems an der Donau,48.4167,15.6167,Austria,24610.0
68,Traun,48.2217,14.2397,Austria,24477.0
69,Amstetten,48.1167,14.8667,Austria,23656.0
70,Lustenau,47.4271,9.6711,Austria,22821.0
71,Kapfenberg,47.4394,15.2894,Austria,22798.0
72,Hallein,47.6667,13.0833,Austria,21150.0
73,Mödling,48.0856,16.2831,Austria,20555.0
74,Kufstein,47.5833,12.1667,Austria,19223.0
75,Traiskirchen,48.0189,16.2922,Austria,18858.0
76,Schwechat,48.1411,16.4786,Austria,18026.0
77,Braunau am Inn,48.2583,13.0333,Austria,17095.0
78,Stockerau,48.3858,16.2108,Austria,16916.0
79,Saalfelden am Steinernen Meer,47.4269,12.8483,Austria,16700.0
80,Hohenems,47.3667,9.6667,Austria,16317.0
81,Ansfelden,48.2083,14.2889,Austria,16194.0
82,Bruck an der Mur,47.4106,15.2686,Austria,15837.0
83,Telfs,47.3069,11.0722,Austria,15747.0
84,Spittal an der Drau,46.7917,13.4958,Austria,15413.0
85,Perchtoldsdorf,48.1167,16.2667,Austria,15047.0
86,Ternitz,47.7167,16.0333,Austria,14632.0
87,Bludenz,47.1533,9.8219,Austria,14539.0
88,Eisenstadt,47.8456,16.5189,Austria,14476.0
89,Feldkirchen,46.7236,14.0919,Austria,14198.0
90,Bad Ischl,47.7115,13.6239,Austria,14133.0
91,Hall in Tirol,47.2833,11.5,Austria,13897.0
92,Wörgl,47.4831,12.0664,Austria,13811.0
93,Schwaz,47.35,11.7,Austria,13728.0
94,Marchtrenk,48.1917,14.1106,Austria,13603.0
95,Hard,47.4892,9.69,Austria,13495.0
96,Feldbach,46.955,15.8883,Austria,13369.0
97,Gmunden,47.9181,13.7994,Austria,13191.0
98,Korneuburg,48.3453,16.3331,Austria,12986.0
99,Neunkirchen,47.7269,16.0817,Austria,12879.0
100,Manama,26.225,50.5775,Bahrain,157474.0
101,Al Muḩarraq,26.25,50.6167,Bahrain,75000.0
102,Madīnat Ḩamad,26.1128,50.5139,Bahrain,52700.0
103,Madīnat ‘Īsá,26.1736,50.5478,Bahrain,40000.0
104,Brussels,50.8353,4.3314,Belgium,1743000.0
105,Antwerp,51.2211,4.3997,Belgium,529247.0
106,Gent,51.0536,3.7253,Belgium,262219.0
107,Charleroi,50.4167,4.4442,Belgium,201816.0
108,Liège,50.6397,5.5706,Belgium,196623.0
109,Bruges,51.2089,3.2242,Belgium,118284.0
110,Anderlecht,50.8392,4.3297,Belgium,117412.0
111,Namur,50.4667,4.8667,Belgium,110939.0
112,Leuven,50.8775,4.7044,Belgium,100291.0
113,Moortebeek,50.8547,4.3386,Belgium,97005.0
114,Mons,50.455,3.952,Belgium,95299.0
115,Mechelen,51.0281,4.4803,Belgium,86921.0
116,Aalst,50.9383,4.0392,Belgium,85715.0
117,La Louvière,50.4778,4.1881,Belgium,80986.0
118,Hasselt,50.9305,5.3385,Belgium,77651.0
119,Sint-Niklaas,51.1644,4.1392,Belgium,76756.0
120,Kortrijk,50.8333,3.2667,Belgium,76265.0
121,Ostend,51.2333,2.9333,Belgium,71332.0
122,Tournai,50.6,3.3833,Belgium,69554.0
123,Genk,50.95,5.5,Belgium,66110.0
124,Seraing,50.5986,5.5122,Belgium,64270.0
125,Roeselare,50.9447,3.1233,Belgium,62301.0
126,Mouscron,50.7444,3.2156,Belgium,58234.0
127,Forest,50.8117,4.3181,Belgium,56008.0
128,Verviers,50.5833,5.85,Belgium,55198.0
129,Beveren,51.2,4.25,Belgium,48192.0
130,Etterbeek,50.8361,4.3861,Belgium,47786.0
131,Beringen,51.0333,5.2167,Belgium,46065.0
132,Dendermonde,51.0167,4.1,Belgium,45673.0
133,Turnhout,51.3167,4.9333,Belgium,44136.0
134,Vilvoorde,50.9281,4.4245,Belgium,44015.0
135,Jette,50.8758,4.3244,Belgium,43564.0
136,Heist-op-den-Berg,51.0758,4.7286,Belgium,42478.0
137,Dilbeek,50.8333,4.25,Belgium,42434.0
138,Lokeren,51.1,3.9833,Belgium,41438.0
139,Evere,50.8719,4.4033,Belgium,41131.0
140,Geel,51.1611,4.9903,Belgium,40709.0
141,Sint-Truiden,50.8167,5.1833,Belgium,40672.0
142,Herstal,50.6644,5.63,Belgium,39958.0
143,Braine-l’Alleud,50.6806,4.3717,Belgium,39837.0
144,Halle,50.7361,4.2372,Belgium,39096.0
145,Ninove,50.8333,4.0167,Belgium,38692.0
146,Waregem,50.8811,3.4001,Belgium,38347.0
147,Wilrijk,51.1667,4.3833,Belgium,38319.0
148,Mechelen-aan-de-Maas,50.9967,5.7025,Belgium,38193.0
149,Brasschaat,51.2931,4.4894,Belgium,37850.0
150,Grimbergen,50.9333,4.3833,Belgium,37355.0
151,Lierre,51.1311,4.5697,Belgium,36646.0
152,Mol,51.1842,5.1156,Belgium,36544.0
153,Châtelet,50.4,4.5167,Belgium,36101.0
154,São Paulo,-23.5504,-46.6339,Brazil,22495000.0
155,Rio de Janeiro,-22.9083,-43.1964,Brazil,12486000.0
156,Belo Horizonte,-19.9281,-43.9419,Brazil,5159000.0
157,Brasília,-15.7939,-47.8828,Brazil,3015268.0
158,Salvador,-12.9708,-38.5108,Brazil,2886698.0
159,Fortaleza,-3.7275,-38.5275,Brazil,2452185.0
160,Curitiba,-25.4297,-49.2719,Brazil,1879355.0
161,Manaus,-3.1,-60.0167,Brazil,1802014.0
162,Recife,-8.0539,-34.8808,Brazil,1653461.0
163,Belém,-1.4558,-48.5039,Brazil,1499641.0
164,Porto Alegre,-30.0328,-51.23,Brazil,1484941.0
165,Goiânia,-16.6806,-49.2564,Brazil,1393575.0
166,Guarulhos,-23.4667,-46.5333,Brazil,1324781.0
167,Vila Velha,3.2167,-51.2167,Brazil,1209091.0
168,Campinas,-22.9009,-47.0573,Brazil,1164098.0
169,São Gonçalo,-22.8269,-43.0539,Brazil,1077687.0
170,São Luís,-2.53,-44.3028,Brazil,1073893.0
171,Maceió,-9.6658,-35.735,Brazil,1025360.0
172,Natal,-6.9838,-60.2699,Brazil,980588.0
173,Campo Grande,-20.4686,-54.6222,Brazil,906092.0
174,Natal,-5.795,-35.2089,Brazil,877662.0
175,Teresina,-5.0949,-42.8042,Brazil,847430.0
176,Iguaçu,-22.74,-43.47,Brazil,844583.0
177,São Bernardo do Campo,-23.6939,-46.565,Brazil,816925.0
178,João Pessoa,-7.12,-34.88,Brazil,801718.0
179,Abaeté,-19.1583,-45.4522,Brazil,800000.0
180,Santo André,-23.6572,-46.5333,Brazil,710210.0
181,Jaboatão,-8.1803,-35.0014,Brazil,702621.0
182,Osasco,-23.5328,-46.7919,Brazil,694844.0
183,São José dos Campos,-23.1789,-45.8869,Brazil,688597.0
184,Ribeirão Prêto,-21.1783,-47.8067,Brazil,666323.0
185,Contagem,-19.9319,-44.0539,Brazil,648766.0
186,Sorocaba,-23.5019,-47.4578,Brazil,644919.0
187,Aracaju,-10.9167,-37.05,Brazil,632744.0
188,Feira de Santana,-12.2669,-38.9669,Brazil,617528.0
189,Uberlândia,-18.9189,-48.2769,Brazil,604013.0
190,Cuiabá,-15.5958,-56.0969,Brazil,585367.0
191,Juiz de Fora,-21.75,-43.35,Brazil,555284.0
192,Londrina,-23.31,-51.1628,Brazil,548249.0
193,Joinvile,-26.3039,-48.8458,Brazil,515288.0
194,Ananindeua,-1.3658,-48.3719,Brazil,510834.0
195,Niterói,-22.8833,-43.1036,Brazil,496696.0
196,Serra,-20.1289,-40.3078,Brazil,485376.0
197,Florianópolis,-27.5933,-48.553,Brazil,477798.0
198,Macapá,0.033,-51.0653,Brazil,474706.0
199,Vila Velha,-20.3364,-40.2936,Brazil,472762.0
200,Campos,-21.7539,-41.3239,Brazil,463731.0
201,Mauá,-23.6678,-46.4608,Brazil,453286.0
202,São José do Rio Prêto,-20.82,-49.3789,Brazil,442548.0
203,Caxias do Sul,-29.1678,-51.1789,Brazil,435564.0
204,Toronto,43.7417,-79.3733,Canada,5429524.0
205,Montréal,45.5089,-73.5617,Canada,3519595.0
206,Vancouver,49.25,-123.1,Canada,2264823.0
207,Calgary,51.05,-114.0667,Canada,1239220.0
208,Edmonton,53.5344,-113.4903,Canada,1062643.0
209,Ottawa,45.4247,-75.695,Canada,989567.0
210,Mississauga,43.6,-79.65,Canada,721599.0
211,Winnipeg,49.8844,-97.1464,Canada,705244.0
212,Quebec City,46.8139,-71.2081,Canada,705103.0
213,Hamilton,43.2567,-79.8692,Canada,693645.0
214,Brampton,43.6833,-79.7667,Canada,593638.0
215,Surrey,49.19,-122.8489,Canada,517887.0
216,Kitchener,43.4186,-80.4728,Canada,470015.0
217,Laval,45.5833,-73.75,Canada,422993.0
218,Halifax,44.6475,-63.5906,Canada,403131.0
219,London,42.9836,-81.2497,Canada,383822.0
220,Victoria,48.4283,-123.3647,Canada,335696.0
221,Markham,43.8767,-79.2633,Canada,328966.0
222,St. Catharines,43.1833,-79.2333,Canada,309319.0
223,Niagara Falls,43.06,-79.1067,Canada,308596.0
224,Vaughan,43.8333,-79.5,Canada,306233.0
225,Gatineau,45.4833,-75.65,Canada,276245.0
226,Windsor,42.2833,-83.0,Canada,276165.0
227,Saskatoon,52.1333,-106.6833,Canada,246376.0
228,Longueuil,45.5333,-73.5167,Canada,239700.0
229,Burnaby,49.2667,-122.9667,Canada,232755.0
230,Regina,50.4547,-104.6067,Canada,215106.0
231,Richmond,49.1667,-123.1333,Canada,198309.0
232,Richmond Hill,43.8667,-79.4333,Canada,195022.0
233,Oakville,43.45,-79.6833,Canada,193832.0
234,Burlington,43.3167,-79.8,Canada,183314.0
235,Barrie,44.3711,-79.6769,Canada,172657.0
236,Oshawa,43.9,-78.85,Canada,166000.0
237,Sherbrooke,45.4,-71.9,Canada,161323.0
238,Saguenay,48.4167,-71.0667,Canada,144746.0
239,Lévis,46.8,-71.1833,Canada,143414.0
240,Kelowna,49.8881,-119.4956,Canada,142146.0
241,Abbotsford,49.05,-122.3167,Canada,141397.0
242,Coquitlam,49.2839,-122.7919,Canada,139284.0
243,Trois-Rivières,46.35,-72.55,Canada,134413.0
244,Guelph,43.55,-80.25,Canada,131794.0
245,Cambridge,43.3972,-80.3114,Canada,129920.0
246,Whitby,43.8833,-78.9417,Canada,128377.0
247,Ajax,43.8583,-79.0364,Canada,119677.0
248,Langley,49.1044,-122.5827,Canada,117285.0
249,Saanich,48.484,-123.381,Canada,114148.0
250,Terrebonne,45.7,-73.6333,Canada,111575.0
251,Milton,43.5083,-79.8833,Canada,110128.0
252,St. John's,47.4817,-52.7971,Canada,108860.0
253,Moncton,46.1328,-64.7714,Canada,108620.0
254,Santiago,-33.45,-70.6667,Chile,7026000.0
255,Puente Alto,-33.6167,-70.5833,Chile,573935.0
256,Maipú,-33.5167,-70.7667,Chile,521627.0
257,La Florida,-33.55,-70.5667,Chile,366916.0
258,Antofagasta,-23.6464,-70.398,Chile,348517.0
259,Viña del Mar,-33.0245,-71.5518,Chile,332875.0
260,San Bernardo,-33.6,-70.7167,Chile,301313.0
261,Valparaíso,-33.0458,-71.6197,Chile,296655.0
262,Temuco,-38.7399,-72.5901,Chile,282415.0
263,Las Condes,-33.4167,-70.5833,Chile,249893.0
264,Rancagua,-34.1654,-70.7398,Chile,231370.0
265,Concepción,-36.8271,-73.0503,Chile,217537.0
266,Talca,-35.4269,-71.6656,Chile,206069.0
267,Coquimbo,-29.9532,-71.338,Chile,204068.0
268,Arica,-18.4784,-70.3211,Chile,202131.0
269,La Serena,-29.9027,-71.252,Chile,195382.0
270,Iquique,-20.2141,-70.1524,Chile,188003.0
271,Puerto Montt,-41.4718,-72.9396,Chile,169736.0
272,Chillán,-36.6067,-72.1033,Chile,164270.0
273,Calama,-22.4624,-68.9272,Chile,157575.0
274,Copiapó,-27.3665,-70.3323,Chile,150804.0
275,Valdivia,-39.8142,-73.2459,Chile,150048.0
276,Quilpué,-33.0498,-71.4415,Chile,147991.0
277,Talcahuano,-36.7145,-73.1141,Chile,147831.0
278,Osorno,-40.5667,-73.15,Chile,147460.0
279,Colina,-33.2,-70.6833,Chile,146207.0
280,Los Ángeles,-37.4707,-72.3517,Chile,143023.0
281,Curicó,-34.9854,-71.2394,Chile,136954.0
282,Villa Alemana,-33.0428,-71.3744,Chile,125140.0
283,Melipilla,-33.7,-71.2167,Chile,123627.0
284,Punta Arenas,-53.1627,-70.9081,Chile,123403.0
285,La Granja,-33.5431,-70.6319,Chile,116571.0
286,Coronel,-37.0167,-73.1333,Chile,116262.0
287,Alto Hospicio,-20.25,-70.1167,Chile,108375.0
288,Lo Barnechea,-33.35,-70.5167,Chile,105833.0
289,Espejo,-33.5333,-70.7167,Chile,98804.0
290,Buin,-33.7333,-70.75,Chile,96614.0
291,San Joaquín,-33.5,-70.6167,Chile,94492.0
292,La Reina,-33.45,-70.55,Chile,92787.0
293,Peñaflor,-33.6167,-70.9167,Chile,90201.0
294,San Antonio,-33.5809,-71.6132,Chile,86239.0
295,Chiguayante,-36.9167,-73.0167,Chile,85863.0
296,Ovalle,-30.6031,-71.203,Chile,75864.0
297,Linares,-35.8454,-71.5979,Chile,73602.0
298,Quillota,-32.8799,-71.2474,Chile,73261.0
299,San Felipe,-32.7507,-70.7251,Chile,64120.0
300,Coyhaique,-45.5712,-72.0685,Chile,61210.0
301,Los Andes,-32.8337,-70.5982,Chile,59388.0
302,San Fernando,-34.5839,-70.9891,Chile,58367.0
303,Talagante,-33.6667,-70.9333,Chile,56990.0
304,San José,9.9333,-84.0833,Costa Rica,288054.0
305,Puerto Limón,10.0022,-83.084,Costa Rica,60710.0
306,Alajuela,10.0311,-84.2041,Costa Rica,48326.0
307,Liberia,10.6338,-85.4333,Costa Rica,45380.0
308,Puntarenas,9.9764,-84.8339,Costa Rica,41528.0
309,Quesada,10.3305,-84.44,Costa Rica,31106.0
310,Buenos Aires,9.1985,-83.2816,Costa Rica,29454.0
311,San Juan,9.9609,-84.0731,Costa Rica,25866.0
312,Cartago,9.8667,-83.9167,Costa Rica,22775.0
313,Cañas,10.43,-85.1,Costa Rica,20306.0
314,Heredia,9.9985,-84.1169,Costa Rica,18988.0
315,Colón,9.9096,-84.262,Costa Rica,17411.0
316,Santa Ana,9.932,-84.176,Costa Rica,12956.0
317,Santiago,9.8291,-84.3044,Costa Rica,12600.0
318,Sixaola,9.5579,-82.6698,Costa Rica,11847.0
319,Golfito,8.65,-83.15,Costa Rica,6777.0
320,La Cruz,11.0704,-85.63,Costa Rica,4319.0
321,Ciudad Cortés,8.96,-83.5239,Costa Rica,3850.0
322,Copenhagen,55.6805,12.5615,Denmark,1085000.0
323,Aarhus,56.1572,10.2107,Denmark,237551.0
324,Odense,55.4004,10.3833,Denmark,158222.0
325,Aalborg,57.0337,9.9166,Denmark,122219.0
326,Esbjerg,55.467,8.45,Denmark,72205.0
327,Vejle,55.709,9.535,Denmark,51177.0
328,Roskilde,55.65,12.0833,Denmark,44285.0
329,Viborg,56.4333,9.4,Denmark,34831.0
330,Svendborg,55.0704,10.6167,Denmark,29180.0
331,Hillerød,55.9333,12.3167,Denmark,28313.0
332,Frederikshavn,57.4337,10.5333,Denmark,24103.0
333,Sorø,55.433,11.5667,Denmark,7167.0
334,San Salvador,13.6989,-89.1914,El Salvador,567698.0
335,Usulután,13.35,-88.45,El Salvador,378606.0
336,Santa Ana,13.9833,-89.5333,El Salvador,270413.0
337,San Miguel,13.4833,-88.1833,El Salvador,218410.0
338,Mejicanos,13.7403,-89.2131,El Salvador,140751.0
339,Santa Tecla,13.6742,-89.2899,El Salvador,135483.0
340,Apopa,13.8,-89.1833,El Salvador,131286.0
341,Delgado,13.7167,-89.1667,El Salvador,120200.0
342,Ahuachapán,13.9214,-89.845,El Salvador,110511.0
343,Sonsonate,13.7167,-89.7167,El Salvador,110501.0
344,Colón,13.7167,-89.3667,El Salvador,96989.0
345,Acajutla,13.5928,-89.8275,El Salvador,92000.0
346,Chalchuapa,13.9833,-89.6833,El Salvador,90000.0
347,Zacatecoluca,13.5,-88.8667,El Salvador,75100.0
348,Cuscatancingo,13.7333,-89.1833,El Salvador,66400.0
349,Quezaltepeque,13.8312,-89.2722,El Salvador,56181.0
350,San Vicente,13.6333,-88.8,El Salvador,53213.0
351,Nahuizalco,13.7833,-89.7333,El Salvador,49081.0
352,Cojutepeque,13.7167,-88.9333,El Salvador,48411.0
353,Jiquilisco,13.3167,-88.5833,El Salvador,47784.0
354,San Pedro Perulapán,13.7667,-89.0333,El Salvador,44730.0
355,Panchimalco,13.6094,-89.1792,El Salvador,41260.0
356,Ciudad Barrios,13.7667,-88.2667,El Salvador,40500.0
357,Santiago Nonualco,13.5167,-88.95,El Salvador,39887.0
358,Armenia,13.75,-89.5,El Salvador,34912.0
359,Atiquizaya,13.9667,-89.75,El Salvador,33587.0
360,Tacuba,13.9,-89.9333,El Salvador,29858.0
361,La Unión,13.3369,-87.8439,El Salvador,29733.0
362,Chalatenango,14.0333,-88.9333,El Salvador,29271.0
363,Sensuntepeque,13.8667,-88.6333,El Salvador,26989.0
364,Sonzacate,13.7342,-89.7147,El Salvador,25005.0
365,Juayúa,13.8436,-89.746,El Salvador,24465.0
366,San Francisco,13.7,-88.1,El Salvador,21049.0
367,Guaymango,13.75,-89.8333,El Salvador,19775.0
368,Puerto El Triunfo,13.2833,-88.55,El Salvador,19600.0
369,Santiago de María,13.4833,-88.4667,El Salvador,18201.0
370,Concepción de Ataco,13.8667,-89.85,El Salvador,18101.0
371,San Alejo,13.4333,-87.9667,El Salvador,17598.0
372,Metapán,14.3333,-89.45,El Salvador,16620.0
373,Anamorós,13.7333,-87.8667,El Salvador,16594.0
374,El Paisnal,13.9667,-89.2167,El Salvador,14551.0
375,Tepecoyo,13.7003,-89.4678,El Salvador,14322.0
376,Cuisnahuat,13.6333,-89.6,El Salvador,12676.0
377,Teotepeque,13.5853,-89.5183,El Salvador,12320.0
378,Jocoro,13.6167,-88.0167,El Salvador,10060.0
379,Caluco,13.7167,-89.6667,El Salvador,9139.0
380,Estanzuelas,13.65,-88.5,El Salvador,9015.0
381,Nueva Guadalupe,13.5333,-88.35,El Salvador,8905.0
382,Agua Caliente,14.1667,-89.2167,El Salvador,8261.0
383,El Porvenir,14.0207,-89.6471,El Salvador,8232.0
384,Helsinki,60.1756,24.9342,Finland,642045.0
385,Espoo,60.21,24.66,Finland,269802.0
386,Tampere,61.4981,23.76,Finland,225118.0
387,Vantaa,60.3,25.0333,Finland,214605.0
388,Oulu,65.0142,25.4719,Finland,200526.0
389,Turku,60.4517,22.27,Finland,187604.0
390,Jyväskylä,62.2333,25.7333,Finland,137368.0
391,Kuopio,62.8925,27.6783,Finland,120246.0
392,Lahti,60.9804,25.655,Finland,118119.0
393,Kouvola,60.8681,26.7042,Finland,85855.0
394,Pori,61.4847,21.7972,Finland,85363.0
395,Joensuu,62.6,29.7639,Finland,75514.0
396,Lappeenranta,61.0583,28.1861,Finland,72875.0
397,Hämeenlinna,61.0,24.4414,Finland,68011.0
398,Vaasa,63.1,21.6167,Finland,67619.0
399,Rovaniemi,66.5028,25.7285,Finland,61763.0
400,Seinäjoki,62.7903,22.8403,Finland,61530.0
401,Mikkeli,61.6875,27.2736,Finland,54665.0
402,Kotka,60.4667,26.9458,Finland,54319.0
403,Salo,60.3831,23.1331,Finland,53890.0
404,Porvoo,60.3931,25.6639,Finland,49928.0
405,Kokkola,63.8376,23.132,Finland,47570.0
406,Lohja,60.25,24.0667,Finland,46785.0
407,Hyvinkää,60.6306,24.8597,Finland,46463.0
408,Nurmijärvi,60.4667,24.8083,Finland,42709.0
409,Järvenpää,60.4722,25.0889,Finland,40106.0
410,Rauma,61.1167,21.5,Finland,39809.0
411,Kirkkonummi,60.1167,24.4167,Finland,38649.0
412,Tuusula,60.4028,25.0292,Finland,38646.0
413,Kajaani,64.225,27.7333,Finland,37622.0
414,Savonlinna,61.8667,28.8831,Finland,35523.0
415,Kerava,60.4028,25.1,Finland,35293.0
416,Nokia,61.4767,23.5053,Finland,33322.0
417,Ylöjärvi,61.55,23.5833,Finland,32738.0
418,Kaarina,60.4069,22.3722,Finland,32590.0
419,Kangasala,61.4639,24.065,Finland,32229.0
420,Jyväskylän Maalaiskunta,62.2889,25.7417,Finland,31870.0
421,Riihimäki,60.7333,24.7667,Finland,29269.0
422,Vihti,60.4167,24.3331,Finland,28919.0
423,Raseborg,59.975,23.4361,Finland,28405.0
424,Imatra,61.1931,28.7764,Finland,27835.0
425,Sastamala,61.3417,22.9083,Finland,25220.0
426,Raahe,64.6847,24.4792,Finland,25165.0
427,Raisio,60.4861,22.1694,Finland,24290.0
428,Hollola,60.9886,25.5128,Finland,23915.0
429,Lempäälä,61.3139,23.7528,Finland,22536.0
430,Iisalmi,63.5611,27.1889,Finland,21945.0
431,Tornio,65.8497,24.1441,Finland,21928.0
432,Siilinjärvi,63.075,27.66,Finland,21794.0
433,Kemi,65.7336,24.5634,Finland,21758.0
434,Paris,48.8566,2.3522,France,11027000.0
435,Marseille,43.2964,5.37,France,868277.0
436,Lyon,45.76,4.84,France,518635.0
437,Toulouse,43.6045,1.444,France,486828.0
438,Nice,43.7034,7.2663,France,341032.0
439,Nantes,47.2181,-1.5528,France,314138.0
440,Montpellier,43.6119,3.8772,France,290053.0
441,Strasbourg,48.5833,7.7458,France,284677.0
442,Bordeaux,44.84,-0.58,France,257068.0
443,Lille,50.6278,3.0583,France,233098.0
444,Rennes,48.1147,-1.6794,France,217728.0
445,Reims,49.2628,4.0347,France,182211.0
446,Toulon,43.1258,5.9306,France,176198.0
447,Saint-Étienne,45.4347,4.3903,France,173089.0
448,Le Havre,49.49,0.1,France,169733.0
449,Grenoble,45.1715,5.7224,France,157650.0
450,Dijon,47.3167,5.0167,France,156854.0
451,Angers,47.4736,-0.5542,France,154508.0
452,Villeurbanne,45.7667,4.8803,France,150659.0
453,Nîmes,43.838,4.361,France,149633.0
454,Clermont-Ferrand,45.7831,3.0824,France,146734.0
455,Le Mans,48.0077,0.1984,France,143252.0
456,Aix-en-Provence,43.5263,5.4454,France,143097.0
457,Brest,48.39,-4.49,France,139602.0
458,Tours,47.3936,0.6892,France,136463.0
459,Amiens,49.892,2.299,France,133891.0
460,Limoges,45.8353,1.2625,France,131479.0
461,Annecy,45.916,6.133,France,128199.0
462,Boulogne-Billancourt,48.8352,2.2409,France,121334.0
463,Perpignan,42.6986,2.8956,France,119188.0
464,Besançon,47.24,6.02,France,117912.0
465,Metz,49.1203,6.1778,France,116581.0
466,Orléans,47.9025,1.909,France,116238.0
467,Saint-Denis,48.9356,2.3539,France,112091.0
468,Rouen,49.4428,1.0886,France,111360.0
469,Argenteuil,48.95,2.25,France,110213.0
470,Montreuil,48.8611,2.4436,France,109914.0
471,Mulhouse,47.75,7.34,France,108942.0
472,Caen,49.18,-0.37,France,105512.0
473,Nancy,48.6936,6.1846,France,104885.0
474,Roubaix,50.6901,3.1817,France,98089.0
475,Tourcoing,50.7239,3.1612,France,97442.0
476,Nanterre,48.8988,2.1969,France,96807.0
477,Vitry-sur-Seine,48.7875,2.3928,France,94649.0
478,Créteil,48.7911,2.4628,France,92265.0
479,Avignon,43.95,4.8075,France,91729.0
480,Poitiers,46.58,0.34,France,88665.0
481,Aubervilliers,48.9131,2.3831,France,87572.0
482,Dunkerque,51.0383,2.3775,France,86865.0
483,Aulnay-sous-Bois,48.9386,2.4906,France,86278.0
484,Berlin,52.5167,13.3833,Germany,3664088.0
485,Hamburg,53.55,10.0,Germany,1852478.0
486,Munich,48.1375,11.575,Germany,1488202.0
487,Cologne,50.9422,6.9578,Germany,1083498.0
488,Frankfurt,50.1136,8.6797,Germany,764104.0
489,Düsseldorf,51.2311,6.7724,Germany,645923.0
490,Stuttgart,48.7761,9.1775,Germany,630305.0
491,Leipzig,51.3333,12.3833,Germany,597215.0
492,Dortmund,51.5139,7.4653,Germany,587696.0
493,Essen,51.4508,7.0131,Germany,582415.0
494,Bremen,53.0769,8.8089,Germany,566573.0
495,Dresden,51.05,13.74,Germany,554907.0
496,Hannover,52.3744,9.7386,Germany,542668.0
497,Nuremberg,49.4539,11.0775,Germany,515543.0
498,Duisburg,51.4322,6.7611,Germany,495885.0
499,Bochum,51.4833,7.2167,Germany,364454.0
500,Wuppertal,51.2667,7.1833,Germany,355004.0
501,Bielefeld,52.0167,8.5333,Germany,333509.0
502,Bonn,50.7339,7.0997,Germany,330579.0
503,Münster,51.9625,7.6256,Germany,316403.0
504,Mannheim,49.4878,8.4661,Germany,309721.0
505,Karlsruhe,49.0167,8.4,Germany,308436.0
506,Augsburg,48.3717,10.8983,Germany,295830.0
507,Wiesbaden,50.0825,8.24,Germany,278609.0
508,Mönchengladbach,51.2,6.4333,Germany,259665.0
509,Gelsenkirchen,51.5167,7.1,Germany,259105.0
510,Aachen,50.7762,6.0838,Germany,248960.0
511,Braunschweig,52.2692,10.5211,Germany,248561.0
512,Kiel,54.3233,10.1394,Germany,246601.0
513,Chemnitz,50.8333,12.9167,Germany,243487.0
514,Halle,51.4828,11.9697,Germany,237865.0
515,Magdeburg,52.1317,11.6392,Germany,235775.0
516,Freiburg im Breisgau,47.995,7.85,Germany,230940.0
517,Krefeld,51.3333,6.5667,Germany,226844.0
518,Mainz,50.0,8.2667,Germany,217123.0
519,Lübeck,53.8697,10.6864,Germany,215846.0
520,Erfurt,50.9781,11.0292,Germany,213835.0
521,Oberhausen,51.4699,6.8514,Germany,209566.0
522,Rostock,54.0833,12.1333,Germany,209061.0
523,Kassel,51.3158,9.4979,Germany,201048.0
524,Hagen,51.3594,7.475,Germany,188687.0
525,Potsdam,52.4,13.0667,Germany,182112.0
526,Saarbrücken,49.2333,7.0,Germany,179349.0
527,Hamm,51.6667,7.8167,Germany,178967.0
528,Ludwigshafen,49.4811,8.4353,Germany,172557.0
529,Mülheim,51.4275,6.8825,Germany,170921.0
530,Oldenburg,53.1439,8.2139,Germany,168210.0
531,Osnabrück,52.2789,8.0431,Germany,164748.0
532,Leverkusen,51.0333,6.9833,Germany,163838.0
533,Solingen,51.1667,7.0833,Germany,159360.0
534,Guatemala City,14.6099,-90.5252,Guatemala,2934841.0
535,Villa Nueva,14.5314,-90.5964,Guatemala,618397.0
536,Coatepeque,14.7,-91.8667,Guatemala,300000.0
537,San Pedro Carchá,15.4768,-90.312,Guatemala,255006.0
538,Cobán,15.4833,-90.3667,Guatemala,228664.0
539,Quetzaltenango,14.8333,-91.5167,Guatemala,225000.0
540,San Juan Sacatepéquez,14.7189,-90.6442,Guatemala,193000.0
541,Jutiapa,14.2917,-89.8958,Guatemala,162312.0
542,Flores,16.9333,-89.8833,Guatemala,144932.0
543,Momostenango,15.0444,-91.4083,Guatemala,139552.0
544,San Luis,16.2,-89.44,Guatemala,132470.0
545,Nueva Concepción,14.1997,-91.2997,Guatemala,130754.0
546,Santa Lucía Cotzumalguapa,14.3333,-91.0167,Guatemala,125473.0
547,Amatitlán,14.4741,-90.6247,Guatemala,125000.0
548,Jalapa,14.6379,-89.9904,Guatemala,122483.0
549,Totonicapán,14.9108,-91.3606,Guatemala,118960.0
550,Puerto Barrios,15.73,-88.6,Guatemala,110846.0
551,Escuintla,14.3004,-90.78,Guatemala,107638.0
552,Morales,15.4725,-88.8414,Guatemala,107400.0
553,Chichicastenango,14.9442,-91.1105,Guatemala,107193.0
554,Malacatán,14.9106,-92.0581,Guatemala,105178.0
555,Mazatenango,14.5333,-91.5,Guatemala,103276.0
556,Senahú,15.4164,-89.8203,Guatemala,98703.0
557,Petapa,14.4962,-90.5525,Guatemala,94228.0
558,Tacaná,15.2415,-92.0684,Guatemala,87998.0
559,El Estor,15.5333,-89.35,Guatemala,82491.0
560,Panzos,15.3986,-89.6408,Guatemala,81063.0
561,San Cristóbal Verapaz,15.365,-90.4792,Guatemala,80613.0
562,Lívingston,15.83,-88.75,Guatemala,80249.0
563,Chiquimula,14.7833,-89.5333,Guatemala,79815.0
564,Fray Bartolomé de Las Casas,15.8456,-89.8658,Guatemala,77896.0
565,Villa Canales,14.4816,-90.534,Guatemala,77638.0
566,Chinautla,14.7029,-90.5,Guatemala,77071.0
567,Salamá,15.1052,-90.316,Guatemala,71478.0
568,Santa María La Pila,15.6056,-89.8125,Guatemala,70321.0
569,Chisec,15.8125,-90.3217,Guatemala,69325.0
570,San Pedro Sacatepéquez,14.9664,-91.7775,Guatemala,67075.0
571,Zacapa,14.9667,-89.5333,Guatemala,66423.0
572,San Marcos,14.9653,-91.7958,Guatemala,65571.0
573,San Francisco El Alto,14.95,-91.45,Guatemala,65521.0
574,Los Amates,15.2667,-89.1,Guatemala,65475.0
575,Purulhá,15.2353,-90.235,Guatemala,65340.0
576,Esquipulas,14.6167,-89.2,Guatemala,65000.0
577,Sololá,14.7667,-91.1833,Guatemala,63973.0
578,Santa Catarina Pinula,14.5644,-90.488,Guatemala,63767.0
579,Palín,14.4039,-90.6986,Guatemala,62127.0
580,Nahualá,14.8429,-91.317,Guatemala,62000.0
581,San Juan Chamelco,15.4257,-90.3263,Guatemala,61634.0
582,Iztapa,13.9331,-90.7075,Guatemala,61448.0
583,Cubulco,15.1083,-90.6306,Guatemala,60112.0
584,Reykjavík,64.1475,-21.935,Iceland,128793.0
585,Kópavogur,64.1119,-21.9,Iceland,34140.0
586,Hafnarfjörður,64.0667,-21.95,Iceland,28703.0
587,Akureyri,65.6833,-18.1,Iceland,18925.0
588,Keflavík,64.0,-22.5819,Iceland,16463.0
589,Garðabær,64.0833,-22.0,Iceland,16299.0
590,Akranes,64.3167,-22.1,Iceland,7411.0
591,Selfoss,63.9322,-21.0002,Iceland,6878.0
592,Sauðárkrókur,65.7464,-19.639,Iceland,2682.0
593,Ísafjörður,66.0738,-23.1417,Iceland,2620.0
594,Höfn,64.25,-15.2167,Iceland,2389.0
595,Egilsstaðir,65.2667,-14.4,Iceland,2332.0
596,Borgarnes,64.5333,-21.9167,Iceland,1962.0
597,Dublin,53.3497,-6.2603,Ireland,553165.0
598,Cork,51.9,-8.4731,Ireland,208669.0
599,Galway,53.2729,-9.0418,Ireland,79504.0
600,Limerick,52.6653,-8.6238,Ireland,58319.0
601,Waterford,52.2583,-7.119,Ireland,48369.0
602,Drogheda,53.7139,-6.3503,Ireland,40956.0
603,Dún Dealgan,54.009,-6.4049,Ireland,39004.0
604,Swords,53.4597,-6.2181,Ireland,36924.0
605,Blackrock,53.3015,-6.1778,Ireland,28557.0
606,Tralee,52.2675,-9.6962,Ireland,26384.0
607,Carlow,52.8306,-6.9317,Ireland,24272.0
608,Ennis,52.8463,-8.9807,Ireland,24253.0
609,Dunleary,53.3,-6.14,Ireland,23857.0
610,Kilkenny,52.6477,-7.2561,Ireland,22179.0
611,Naas,53.2158,-6.6669,Ireland,21393.0
612,Wexford,52.3342,-6.4575,Ireland,20188.0
613,Sligo,54.2667,-8.4833,Ireland,19199.0
614,Leixlip,53.3636,-6.4864,Ireland,15504.0
615,Cobh,51.851,-8.2967,Ireland,12347.0
616,Killarney,52.0588,-9.5072,Ireland,11902.0
617,Shannon,52.7137,-8.8686,Ireland,9222.0
618,Dungarvan,52.0845,-7.6397,Ireland,7991.0
619,Kildare,53.1569,-6.909,Ireland,7538.0
620,Carrigtohill,51.9,-8.2667,Ireland,6665.0
621,Monaghan,54.2479,-6.9708,Ireland,5937.0
622,Dunboyne,53.4199,-6.4751,Ireland,5713.0
623,Ros Comáin,53.6333,-8.1833,Ireland,4860.0
624,Donegal,54.65,-8.117,Ireland,2618.0
625,Tallaght,53.2878,-6.3411,Ireland,
626,Wicklow,52.9779,-6.033,Ireland,
627,Clonmel,52.355,-7.7039,Ireland,
628,Trim,53.555,-6.7917,Ireland,
629,Carrick on Shannon,53.9469,-8.09,Ireland,
630,Tullamore,53.2667,-7.5,Ireland,
631,Castlebar,53.85,-9.3,Ireland,
632,Mullingar,53.5333,-7.35,Ireland,
633,Longford,53.727,-7.7998,Ireland,
634,Nenagh,52.8619,-8.1967,Ireland,
635,Port Laoise,53.0309,-7.3008,Ireland,
636,An Cabhán,53.9908,-7.3606,Ireland,
637,Lifford,54.8356,-7.4779,Ireland,
638,Jerusalem,31.7833,35.2167,Israel,919438.0
639,Tel Aviv-Yafo,32.08,34.78,Israel,451523.0
640,Haifa,32.8,34.9833,Israel,281087.0
641,Rishon LeẔiyyon,31.9711,34.7894,Israel,249860.0
642,Petaẖ Tiqwa,32.0833,34.8833,Israel,236169.0
643,Ashdod,31.7978,34.6503,Israel,220174.0
644,Netanya,32.3328,34.86,Israel,217244.0
645,Beersheba,31.2589,34.7978,Israel,209000.0
646,Bené Beraq,32.0807,34.8338,Israel,193774.0
647,Holon,32.0167,34.7667,Israel,188834.0
648,Ramat Gan,32.07,34.8235,Israel,152596.0
649,Ashqelon,31.6658,34.5664,Israel,134454.0
650,Reẖovot,31.8914,34.8078,Israel,132671.0
651,Bat Yam,32.0231,34.7503,Israel,128800.0
652,Bet Shemesh,31.7514,34.9886,Israel,114371.0
653,Kefar Sava,32.1858,34.9077,Israel,100800.0
654,Herẕliyya,32.1556,34.8422,Israel,93989.0
655,Hadera,32.45,34.9167,Israel,91707.0
656,Modi‘in Makkabbim Re‘ut,31.9339,34.9856,Israel,90013.0
657,Nazareth,32.7021,35.2978,Israel,83400.0
658,Lod,31.95,34.9,Israel,75700.0
659,Ramla,31.9275,34.8625,Israel,75500.0
660,Ra‘ananna,32.1833,34.8667,Israel,74000.0
661,Rahat,31.3925,34.7544,Israel,64462.0
662,Nahariyya,33.0036,35.0925,Israel,60000.0
663,Givatayim,32.0697,34.8117,Israel,59518.0
664,Hod HaSharon,32.15,34.8833,Israel,56659.0
665,Rosh Ha‘Ayin,32.0833,34.95,Israel,56300.0
666,Qiryat Ata,32.8,35.1,Israel,55464.0
667,Umm el Faḥm,32.5158,35.1525,Israel,55300.0
668,Eilat,29.55,34.95,Israel,51935.0
669,Nes Ẕiyyona,31.9333,34.8,Israel,50200.0
670,‘Akko,32.9261,35.0839,Israel,47675.0
671,El‘ad,32.0523,34.9512,Israel,46896.0
672,Ramat HaSharon,32.15,34.8333,Israel,46700.0
673,Karmiel,32.9,35.2833,Israel,45300.0
674,Afula,32.6078,35.2897,Israel,44930.0
675,Tiberias,32.7897,35.5247,Israel,44200.0
676,Eṭ Ṭaiyiba,32.2667,35.0,Israel,43100.0
677,Ben Zakkay,31.8833,34.7333,Israel,42314.0
678,Pardés H̱anna Karkur,32.4711,34.9675,Israel,42100.0
679,Shefar‘am,32.8056,35.1694,Israel,41600.0
680,Qiryat Moẕqin,32.8369,35.0775,Israel,40160.0
681,Qiryat Bialik,32.8331,35.0664,Israel,39900.0
682,Qiryat Yam,32.8331,35.0664,Israel,39416.0
683,Qiryat Ono,32.0636,34.8553,Israel,37791.0
684,Or Yehuda,32.0333,34.85,Israel,36706.0
685,Ma‘alot Tarshīḥā,33.0167,35.2708,Israel,36000.0
686,Ẕefat,32.9658,35.4983,Israel,35700.0
687,Dimona,31.07,35.03,Israel,34135.0
688,Rome,41.8931,12.4828,Italy,2872800.0
689,Milan,45.4669,9.19,Italy,1366180.0
690,Naples,40.8333,14.25,Italy,966144.0
691,Turin,45.0667,7.7,Italy,870952.0
692,Palermo,38.1111,13.3517,Italy,668405.0
693,Genoa,44.4072,8.934,Italy,580097.0
694,Bologna,44.4939,11.3428,Italy,389261.0
695,Florence,43.7714,11.2542,Italy,380948.0
696,Bari,41.1253,16.8667,Italy,323370.0
697,Catania,37.5027,15.0873,Italy,311584.0
698,Venice,45.4397,12.3319,Italy,261321.0
699,Verona,45.4386,10.9928,Italy,257275.0
700,Messina,38.1936,15.5542,Italy,234293.0
701,Padova,45.4064,11.8778,Italy,210440.0
702,Trieste,45.6503,13.7703,Italy,204338.0
703,Taranto,40.4181,17.2408,Italy,198283.0
704,Brescia,45.5389,10.2203,Italy,196745.0
705,Parma,44.8015,10.328,Italy,195687.0
706,Prato,43.8808,11.0966,Italy,193325.0
707,Modena,44.6458,10.9257,Italy,185273.0
708,Reggio di Calabria,38.1144,15.65,Italy,181447.0
709,Reggio Emilia,44.7,10.6333,Italy,171944.0
710,Perugia,43.1121,12.3888,Italy,165683.0
711,Ravenna,44.4161,12.2017,Italy,159115.0
712,Livorno,43.55,10.3167,Italy,158371.0
713,Cagliari,39.2167,9.1167,Italy,154106.0
714,Foggia,41.4584,15.5519,Italy,151372.0
715,Rimini,44.0594,12.5683,Italy,149403.0
716,Salerno,40.6806,14.7597,Italy,133970.0
717,Ferrara,44.8353,11.6199,Italy,132278.0
718,Latina,41.4676,12.9037,Italy,126470.0
719,Giugliano in Campania,40.9319,14.1956,Italy,124361.0
720,Monza,45.5836,9.2736,Italy,123598.0
721,Siracusa,37.0692,15.2875,Italy,121171.0
722,Bergamo,45.695,9.67,Italy,120923.0
723,Pescara,42.4643,14.2142,Italy,119217.0
724,Trento,46.0667,11.1167,Italy,117997.0
725,Forlì,44.2225,12.0408,Italy,117863.0
726,Sassari,40.7267,8.5592,Italy,116641.0
727,Vicenza,45.55,11.55,Italy,111620.0
728,Terni,42.5667,12.65,Italy,111189.0
729,Bolzano,46.5,11.35,Italy,107317.0
730,Novara,45.45,8.6167,Italy,104183.0
731,Piacenza,45.05,9.7,Italy,103082.0
732,Ancona,43.6167,13.5167,Italy,100924.0
733,Andria,41.2317,16.3083,Italy,99857.0
734,Udine,46.0667,13.2333,Italy,99518.0
735,Arezzo,43.4631,11.8781,Italy,99419.0
736,Cesena,44.1333,12.2333,Italy,96760.0
737,Lecce,40.352,18.1691,Italy,95441.0
738,Luxembourg,49.6106,6.1328,Luxembourg,128512.0
739,Esch-sur-Alzette,49.4969,5.9806,Luxembourg,36228.0
740,Dudelange,49.4806,6.0875,Luxembourg,21513.0
741,Differdange,49.5242,5.8914,Luxembourg,15455.0
742,Belvaux,49.5167,5.9333,Luxembourg,7826.0
743,Rodange,49.5467,5.8397,Luxembourg,7485.0
744,Niedercorn,49.5333,5.9,Luxembourg,7354.0
745,Diekirch,49.8678,6.1558,Luxembourg,7047.0
746,Soleuvre,49.5333,5.9333,Luxembourg,6248.0
747,Bascharage,49.5667,5.9167,Luxembourg,5715.0
748,Kayl,49.4864,6.0392,Luxembourg,5658.0
749,Echternach,49.8117,6.4217,Luxembourg,5650.0
750,Steinfort,49.66,5.9156,Luxembourg,5617.0
751,Rumelange,49.4597,6.0306,Luxembourg,5613.0
752,Wiltz,49.9689,5.9319,Luxembourg,5427.0
753,Mondorf-les-Bains,49.5069,6.2806,Luxembourg,5404.0
754,Grevenmacher,49.6747,6.4419,Luxembourg,4981.0
755,Remich,49.5444,6.3667,Luxembourg,3787.0
756,Vianden,49.935,6.2089,Luxembourg,2161.0
757,Capellen,49.6444,5.9897,Luxembourg,1986.0
758,Clervaux,50.0547,6.0314,Luxembourg,1468.0
759,Mersch,49.7489,6.1061,Luxembourg,
760,Redange-sur-Attert,49.7656,5.8908,Luxembourg,
761,Birkirkara,35.9,14.4667,Malta,24356.0
762,Saint Paul’s Bay,35.9483,14.4017,Malta,21046.0
763,Mosta,35.9,14.4333,Malta,20241.0
764,Sliema,35.9122,14.5042,Malta,16854.0
765,Qormi,35.8794,14.4722,Malta,16779.0
766,Żabbar,35.8772,14.5381,Malta,15404.0
767,Naxxar,35.915,14.4447,Malta,13443.0
768,San Ġwann,35.9094,14.4786,Malta,12523.0
769,Marsaskala,35.8625,14.5675,Malta,12134.0
770,Żebbuġ,35.8733,14.4417,Malta,11903.0
771,Fgura,35.8725,14.5228,Malta,11670.0
772,Żejtun,35.8556,14.5333,Malta,11508.0
773,Rabat,35.8817,14.3989,Malta,11497.0
774,Attard,35.9,14.45,Malta,10930.0
775,Żurrieq,35.8292,14.4744,Malta,10823.0
776,Mellieħa,35.95,14.3667,Malta,10087.0
777,Swieqi,35.9208,14.48,Malta,10064.0
778,Birżebbuġa,35.8267,14.5278,Malta,9736.0
779,Ħamrun,35.8861,14.4894,Malta,9244.0
780,Tarxien,35.865,14.5111,Malta,8583.0
781,Imsida,35.8978,14.4894,Malta,8545.0
782,Siġġiewi,35.8542,14.4383,Malta,8367.0
783,Gżira,35.905,14.4939,Malta,8029.0
784,Paola,35.8728,14.5075,Malta,7864.0
785,San Ġiljan,35.9186,14.49,Malta,7752.0
786,Santa Venera,35.8903,14.4778,Malta,6932.0
787,Victoria,36.05,14.25,Malta,6901.0
788,Valletta,35.8978,14.5125,Malta,6444.0
789,Luqa,35.8597,14.4892,Malta,5945.0
790,Cospicua,35.8822,14.5222,Malta,5395.0
791,Xagħra,36.0503,14.2675,Malta,4886.0
792,Għaxaq,35.8483,14.5172,Malta,4722.0
793,Nadur,36.0381,14.295,Malta,4509.0
794,Marsa,35.8833,14.4947,Malta,4401.0
795,Pietà,35.8833,14.4833,Malta,4020.0
796,Balzan,35.8975,14.4533,Malta,3958.0
797,Pembroke,35.9264,14.4808,Malta,3645.0
798,Imġarr,35.9197,14.3664,Malta,3629.0
799,Dingli,35.8603,14.3814,Malta,3608.0
800,Marsaxlokk,35.8417,14.5447,Malta,3534.0
801,Imqabba,35.8442,14.4669,Malta,3315.0
802,Xewkija,36.0331,14.2583,Malta,3300.0
803,Għajnsielem,36.0269,14.2903,Malta,3200.0
804,Iklin,35.9042,14.4544,Malta,3130.0
805,Lija,35.9014,14.4472,Malta,3070.0
806,Kalkara,35.8892,14.5294,Malta,3014.0
807,Gudja,35.8483,14.5025,Malta,2997.0
808,Senglea,35.8878,14.5169,Malta,2784.0
809,Għargħur,35.9241,14.4534,Malta,2768.0
810,Qrendi,35.8342,14.4589,Malta,2752.0
811,Mexico City,19.4333,-99.1333,Mexico,21505000.0
812,Guadalajara,20.6767,-103.3475,Mexico,5437000.0
813,Tijuana,32.525,-117.0333,Mexico,1922523.0
814,Ecatepec,19.6097,-99.06,Mexico,1857188.0
815,León de los Aldama,21.1167,-101.6833,Mexico,1579803.0
816,Puebla,19.0333,-98.1833,Mexico,1576259.0
817,Zapopan,20.7167,-103.4,Mexico,1476491.0
818,Juárez,31.7386,-106.487,Mexico,1321004.0
819,Monterrey,25.6667,-100.3,Mexico,1135512.0
820,Ciudad Nezahualcóyotl,19.41,-99.03,Mexico,1109363.0
821,Nezahualcóyotl,19.4,-98.9889,Mexico,1077208.0
822,Mexicali,32.6633,-115.4678,Mexico,1049792.0
823,Villahermosa,17.9892,-92.9281,Mexico,1013484.0
824,Morelia,19.7683,-101.1894,Mexico,962555.0
825,Aguascalientes,21.876,-102.296,Mexico,934424.0
826,Naucalpan de Juárez,19.4753,-99.2378,Mexico,913681.0
827,Mérida,20.97,-89.62,Mexico,892363.0
828,Cancún,21.1606,-86.8475,Mexico,888797.0
829,Chihuahua,28.6353,-106.0889,Mexico,878062.0
830,Saltillo,25.4333,-101.0,Mexico,864431.0
831,Hermosillo,29.0989,-110.9542,Mexico,855563.0
832,Culiacán,24.8069,-107.3939,Mexico,808416.0
833,Querétaro,20.5875,-100.3928,Mexico,801940.0
834,San Luis Potosí,22.1511,-100.9761,Mexico,772828.0
835,Tlajomulco de Zúñiga,20.4736,-103.4431,Mexico,727750.0
836,Torreón,25.5394,-103.4486,Mexico,716672.0
837,Guadalupe,25.6775,-100.2597,Mexico,691931.0
838,Acapulco de Juárez,16.8636,-99.8825,Mexico,673478.0
839,Tlaquepaque,20.6167,-103.3167,Mexico,664193.0
840,Mazatlán,23.2167,-106.4167,Mexico,658354.0
841,Durango,24.0167,-104.6667,Mexico,654876.0
842,Tlalnepantla,19.5367,-99.1947,Mexico,653410.0
843,Chimalhuacán,19.4167,-98.9,Mexico,614453.0
844,Tuxtla,16.7528,-93.1167,Mexico,598710.0
845,Irapuato,20.6667,-101.35,Mexico,592953.0
846,Reynosa,26.0922,-98.2778,Mexico,589466.0
847,Tonalá,20.6167,-103.2333,Mexico,569913.0
848,Ensenada,31.8578,-116.6058,Mexico,557430.0
849,Heroica Matamoros,25.8797,-97.5042,Mexico,541979.0
850,Ciudad Apodaca,25.7833,-100.1833,Mexico,523370.0
851,Tultitlán de Mariano Escobedo,19.645,-99.1694,Mexico,520557.0
852,Ixtapaluca,19.3186,-98.8822,Mexico,495566.0
853,Celaya,20.5222,-100.8122,Mexico,494304.0
854,Los Mochis,25.7835,-108.9937,Mexico,490000.0
855,Ciudad López Mateos,19.55,-99.2833,Mexico,489937.0
856,San Nicolás de los Garza,25.75,-100.2833,Mexico,443273.0
857,Veracruz,19.1903,-96.1533,Mexico,428323.0
858,Xalapa,19.54,-96.9275,Mexico,424755.0
859,Nuevo Laredo,27.4861,-99.5069,Mexico,384033.0
860,Tecámac,19.7131,-98.9683,Mexico,364579.0
861,Amsterdam,52.3667,4.8833,Netherlands,862965.0
862,Rotterdam,51.9225,4.4792,Netherlands,631155.0
863,The Hague,52.08,4.31,Netherlands,537833.0
864,Utrecht,52.0889,5.1156,Netherlands,343779.0
865,Eindhoven,51.4344,5.4842,Netherlands,231642.0
866,Tilburg,51.57,5.07,Netherlands,217259.0
867,Almere,52.3758,5.2256,Netherlands,207904.0
868,Groningen,53.2167,6.5667,Netherlands,201462.0
869,Breda,51.5875,4.775,Netherlands,183873.0
870,Nijmegen,51.8475,5.8625,Netherlands,177659.0
871,Haarlem,52.3803,4.6406,Netherlands,162902.0
872,Apeldoorn,52.21,5.97,Netherlands,161156.0
873,Enschede,52.2236,6.8956,Netherlands,159703.0
874,Amersfoort,52.15,5.38,Netherlands,156286.0
875,Hoofddorp,52.3008,4.6653,Netherlands,154235.0
876,Zaanstad,52.4697,4.7767,Netherlands,154037.0
877,Arnhem,51.9833,5.9167,Netherlands,148070.0
878,’s-Hertogenbosch,51.6833,5.3167,Netherlands,134520.0
879,Zoetermeer,52.0611,4.4933,Netherlands,124994.0
880,Zwolle,52.5167,6.1,Netherlands,124914.0
881,Leiden,52.1544,4.4947,Netherlands,124899.0
882,Maastricht,50.8667,5.6833,Netherlands,121565.0
883,Dordrecht,51.81,4.67,Netherlands,118654.0
884,Alphen aan den Rijn,52.1333,4.65,Netherlands,110986.0
885,Alkmaar,52.6289,4.744,Netherlands,107822.0
886,Emmen,52.7833,6.9,Netherlands,107471.0
887,Delft,52.0119,4.3594,Netherlands,100011.0
888,Deventer,52.25,6.2,Netherlands,99166.0
889,Amstelveen,52.3019,4.8581,Netherlands,91675.0
890,Helmond,51.4797,5.6556,Netherlands,91524.0
891,Oss,51.7667,5.5167,Netherlands,91451.0
892,Hilversum,52.23,5.18,Netherlands,87817.0
893,Heerlen,50.8833,5.9833,Netherlands,86833.0
894,Hengelo,52.2656,6.7931,Netherlands,80683.0
895,Purmerend,52.505,4.9639,Netherlands,80117.0
896,Schiedam,51.9167,4.4,Netherlands,77999.0
897,Lelystad,52.5167,5.4833,Netherlands,77893.0
898,Roosendaal,51.5314,4.4556,Netherlands,77032.0
899,Hoorn,52.6533,5.0733,Netherlands,73261.0
900,Spijkenisse,51.8333,4.3167,Netherlands,72740.0
901,Ede,52.0436,5.6667,Netherlands,72460.0
902,Almelo,52.3575,6.6667,Netherlands,72459.0
903,Vlaardingen,51.9167,4.35,Netherlands,72404.0
904,Gouda,52.0181,4.7056,Netherlands,71449.0
905,Zaandam,52.4417,4.8422,Netherlands,68695.0
906,Velsen-Zuid,52.4667,4.6167,Netherlands,68348.0
907,Assen,53.0,6.55,Netherlands,67580.0
908,Bergen op Zoom,51.5,4.3,Netherlands,66811.0
909,Capelle aan den IJssel,51.9357,4.5782,Netherlands,66514.0
910,Veenendaal,52.025,5.555,Netherlands,65589.0
911,Auckland,-36.85,174.7833,New Zealand,1346091.0
912,Wellington,-41.2889,174.7772,New Zealand,418500.0
913,Christchurch,-43.5309,172.6365,New Zealand,383200.0
914,Manukau City,-37.0,174.885,New Zealand,375600.0
915,Waitakere,-36.849,174.543,New Zealand,208100.0
916,Northcote,-36.7913,174.7758,New Zealand,205605.0
917,Hamilton,-37.7833,175.2833,New Zealand,176500.0
918,Tauranga,-37.6858,176.1667,New Zealand,135000.0
919,Lower Hutt,-41.2167,174.9167,New Zealand,103400.0
920,Dunedin,-45.8742,170.5036,New Zealand,99885.0
921,Palmerston North,-40.3549,175.6095,New Zealand,76236.0
922,Napier,-39.4833,176.9167,New Zealand,62241.0
923,Porirua,-41.1333,174.85,New Zealand,55218.0
924,Rotorua,-38.1378,176.2514,New Zealand,54204.0
925,New Plymouth,-39.0578,174.0742,New Zealand,53988.0
926,Whangarei,-35.725,174.3236,New Zealand,50784.0
927,Nelson,-41.2931,173.2381,New Zealand,49300.0
928,Invercargill,-46.429,168.362,New Zealand,47625.0
929,Upper Hutt,-41.1333,175.05,New Zealand,41000.0
930,Whanganui,-39.9333,175.05,New Zealand,39400.0
931,Gisborne,-38.6625,178.0178,New Zealand,34527.0
932,Paraparaumu,-40.9167,175.0167,New Zealand,28701.0
933,Timaru,-44.3931,171.2508,New Zealand,27501.0
934,Blenheim,-41.5167,173.95,New Zealand,26400.0
935,Pukekohe East,-37.195,174.9481,New Zealand,26300.0
936,Taupo,-38.69,176.08,New Zealand,23622.0
937,Masterton,-40.9667,175.65,New Zealand,19818.0
938,Cambridge,-37.8833,175.4667,New Zealand,18651.0
939,Ashton,-44.033,171.772,New Zealand,17700.0
940,Levin,-40.625,175.2833,New Zealand,17670.0
941,Macetown,-44.865,168.819,New Zealand,16600.0
942,Rolleston,-43.596,172.383,New Zealand,16350.0
943,Feilding,-40.225,175.565,New Zealand,15990.0
944,Whakatane,-37.964,176.984,New Zealand,15795.0
945,Richmond,-41.3333,173.1833,New Zealand,15000.0
946,Havelock North,-39.6667,176.8833,New Zealand,13950.0
947,Tokoroa,-38.22,175.872,New Zealand,13572.0
948,Mosgiel,-45.875,170.348,New Zealand,13400.0
949,Te Awamutu,-38.0083,175.325,New Zealand,12195.0
950,Waikanae,-40.876,175.064,New Zealand,12100.0
951,Hawera,-39.5833,174.2833,New Zealand,9792.0
952,Glencoe,-46.192,168.646,New Zealand,9750.0
953,Waiuku,-37.25,174.7333,New Zealand,9171.0
954,Wanaka,-44.7081,169.1239,New Zealand,8900.0
955,Te Puke,-37.7833,176.3167,New Zealand,8230.0
956,Greymouth,-42.4667,171.2,New Zealand,7965.0
957,Matamata,-37.8097,175.7733,New Zealand,7806.0
958,Thames,-37.1383,175.5375,New Zealand,7293.0
959,Kawerau,-38.0847,176.6996,New Zealand,7080.0
960,Kerikeri,-35.2244,173.9514,New Zealand,6960.0
961,Oslo,59.9111,10.7528,Norway,693494.0
962,Bergen,60.3925,5.3233,Norway,257087.0
963,Trondheim,63.44,10.4,Norway,183378.0
964,Stavanger,58.9701,5.7333,Norway,129300.0
965,Kristiansand,58.1467,7.9956,Norway,112588.0
966,Drammen,59.7439,10.2045,Norway,109416.0
967,Fredrikstad,59.2167,10.95,Norway,83193.0
968,Sandefjord,59.1288,10.2197,Norway,64345.0
969,Asker,59.8331,10.4392,Norway,61523.0
970,Nordre Fåle,59.75,10.8667,Norway,60034.0
971,Sandnes,58.85,5.7333,Norway,58694.0
972,Tønsberg,59.2981,10.4236,Norway,57026.0
973,Skien,59.2081,9.5528,Norway,55144.0
974,Sarpsborg,59.2839,11.1096,Norway,54678.0
975,Bodø,67.2833,14.3833,Norway,52560.0
976,Ålesund,62.4723,6.1549,Norway,52163.0
977,Moss,59.434,10.6577,Norway,49668.0
978,Arendal,58.4667,8.7667,Norway,45065.0
979,Lørenskog,59.8989,10.9642,Norway,42740.0
980,Tromsø,69.6546,18.9637,Norway,38980.0
981,Haugesund,59.4102,5.2755,Norway,37323.0
982,Porsgrunn,59.1419,9.6568,Norway,36526.0
983,Ringsaker,61.0242,10.8019,Norway,34897.0
984,Molde,62.7333,7.1833,Norway,31870.0
985,Halden,59.1264,11.4828,Norway,31387.0
986,Ski,59.7419,10.8939,Norway,30843.0
987,Askøy,60.4667,5.15,Norway,29594.0
988,Lillehammer,61.1146,10.4674,Norway,28493.0
989,Hamar,60.7944,11.0678,Norway,27947.0
990,Kongsberg,59.665,9.6464,Norway,27694.0
991,Sola,58.88,5.6286,Norway,27457.0
992,Oppegård,59.7925,10.7903,Norway,27394.0
993,Lier,59.8675,10.2142,Norway,27118.0
994,Eidsvoll,60.3475,11.2508,Norway,26031.0
995,Nedre Eiker,59.7647,10.0333,Norway,24963.0
996,Sand,59.1344,10.2283,Norway,24898.0
997,Harstad,68.7988,16.5393,Norway,24738.0
998,Larvik,59.0532,10.0271,Norway,24647.0
999,Nittedal,60.0731,10.8722,Norway,24454.0
1000,Stjørdal,63.475,11.1708,Norway,24283.0
1001,Borre,59.3799,10.4539,Norway,24272.0
1002,Røyken,59.7336,10.4289,Norway,22635.0
1003,Sem,59.28,10.3308,Norway,21948.0
1004,Nøtterøy,59.2011,10.4078,Norway,21621.0
1005,Elverum,60.8833,11.5667,Norway,21292.0
1006,Stange,60.6494,11.3664,Norway,21072.0
1007,Gjøvik,60.7957,10.6916,Norway,20589.0
1008,Horten,59.4172,10.4834,Norway,20504.0
1009,Ås,59.6603,10.7836,Norway,20439.0
1010,Kleppe,58.7772,5.5967,Norway,19848.0
1011,Panama City,9.0,-79.5,Panama,880691.0
1012,San Miguelito,9.033,-79.5,Panama,315019.0
1013,Colón,9.365,-79.875,Panama,204000.0
1014,David,8.4333,-82.4333,Panama,144858.0
1015,La Chorrera,8.8792,-79.7822,Panama,68896.0
1016,Balboa Heights,8.95,-79.5667,Panama,62882.0
1017,Pacora,9.08,-79.28,Panama,52494.0
1018,Chitré,7.9667,-80.4333,Panama,46191.0
1019,Santiago,8.1004,-80.9833,Panama,45955.0
1020,Penonomé,8.51,-80.36,Panama,28766.0
1021,Puerto Armuelles,8.2777,-82.8621,Panama,19763.0
1022,Bocas del Toro,9.3403,-82.242,Panama,12996.0
1023,Las Tablas,7.7604,-80.28,Panama,11358.0
1024,Guararé,7.7667,-80.2833,Panama,9255.0
1025,Guabito,9.4949,-82.6117,Panama,8387.0
1026,Almirante,9.3,-82.4,Panama,8114.0
1027,La Palma,8.3982,-78.1402,Panama,1845.0
1028,Jaqué,7.519,-78.166,Panama,1357.0
1029,Gaigirgordub,9.5583,-78.9483,Panama,10.0
1030,Buabidi,8.4746,-81.6983,Panama,
1031,Sieyik,9.3832,-82.6521,Panama,
1032,Unión Chocó,8.0778,-77.5583,Panama,
1033,Warsaw,52.23,21.0111,Poland,1790658.0
1034,Kraków,50.0614,19.9372,Poland,766739.0
1035,Łódź,51.7769,19.4547,Poland,690422.0
1036,Wrocław,51.11,17.0325,Poland,638586.0
1037,Poznań,52.4083,16.9336,Poland,533830.0
1038,Gdańsk,54.3667,18.6333,Poland,464254.0
1039,Szczecin,53.4247,14.5553,Poland,403833.0
1040,Bydgoszcz,53.1167,18.0,Poland,346739.0
1041,Lublin,51.2333,22.5667,Poland,339850.0
1042,Białystok,53.1167,23.1667,Poland,297554.0
1043,Katowice,50.25,19.0,Poland,276499.0
1044,Gdynia,54.5189,18.5319,Poland,247672.0
1045,Częstochowa,50.8096,19.1222,Poland,223322.0
1046,Radom,51.4036,21.1567,Poland,219703.0
1047,Toruń,53.0167,18.6167,Poland,201447.0
1048,Sosnowiec,50.3,19.1667,Poland,199974.0
1049,Kielce,50.8725,20.6319,Poland,191605.0
1050,Rzeszów,50.05,22.0,Poland,182548.0
1051,Gliwice,50.3011,18.6498,Poland,178186.0
1052,Zabrze,50.3,18.7833,Poland,174349.0
1053,Olsztyn,53.78,20.4942,Poland,173599.0
1054,Bielsko-Biała,49.8225,19.0444,Poland,172781.0
1055,Bytom,50.347,18.923,Poland,171515.0
1056,Rybnik,50.0833,18.5,Poland,141000.0
1057,Ruda Śląska,50.2701,18.8742,Poland,139412.0
1058,Zielona Góra,51.9397,15.505,Poland,139330.0
1059,Tychy,50.1667,19.0,Poland,129322.0
1060,Opole,50.6722,17.9253,Poland,127792.0
1061,Gorzów Wielkopolski,52.7333,15.25,Poland,123341.0
1062,Dąbrowa Górnicza,50.3239,19.1947,Poland,122712.0
1063,Płock,52.55,19.7,Poland,120000.0
1064,Elbląg,54.1667,19.4,Poland,119317.0
1065,Wałbrzych,50.7667,16.2833,Poland,116069.0
1066,Tarnów,50.0125,20.9883,Poland,110956.0
1067,Koszalin,54.1903,16.1817,Poland,106880.0
1068,Chorzów,50.3,18.95,Poland,106846.0
1069,Kalisz,51.757,18.083,Poland,99761.0
1070,Legnica,51.2101,16.1619,Poland,99350.0
1071,Włocławek,52.65,19.05,Poland,99350.0
1072,Grudziądz,53.4875,18.755,Poland,94368.0
1073,Jaworzno,50.2,19.275,Poland,94305.0
1074,Jelenia Góra,50.9,15.7333,Poland,78335.0
1075,Siedlce,52.1833,22.2833,Poland,76585.0
1076,Mysłowice,50.2333,19.1333,Poland,75183.0
1077,Piotrków Trybunalski,51.4,19.6833,Poland,74905.0
1078,Konin,52.2275,18.2614,Poland,73176.0
1079,Inowrocław,52.7958,18.2611,Poland,72561.0
1080,Ostrowiec Świętokrzyski,50.9333,21.4,Poland,72001.0
1081,Suwałki,54.0833,22.9333,Poland,69626.0
1082,Gniezno,52.5333,17.6,Poland,68217.0
1083,Doha,25.3,51.5333,Qatar,1186023.0
1084,Al Wakrah,25.18,51.61,Qatar,87970.0
1085,Ar Rayyān,25.2919,51.4244,Qatar,
1086,Al Khawr,25.6839,51.5058,Qatar,
1087,Umm Şalāl ‘Alī,25.4697,51.3975,Qatar,
1088,Ash Shīḩānīyah,25.3722,51.2047,Qatar,
1089,Az̧ Z̧a‘āyin,25.5669,51.4847,Qatar,
1090,Madīnat ash Shamāl,26.14,51.22,Qatar,
1091,Riyadh,24.65,46.71,Saudi Arabia,6889000.0
1092,Jeddah,21.5428,39.1728,Saudi Arabia,3976000.0
1093,Mecca,21.4225,39.8261,Saudi Arabia,1675368.0
1094,Medina,24.4667,39.6,Saudi Arabia,1180770.0
1095,Ad Dammām,26.4333,50.1,Saudi Arabia,903312.0
1096,Al Hufūf,25.3608,49.5997,Saudi Arabia,660788.0
1097,Al Ḩillah,23.4895,46.7564,Saudi Arabia,594605.0
1098,Aţ Ţā’if,21.2667,40.4167,Saudi Arabia,579970.0
1099,Tabūk,28.3838,36.555,Saudi Arabia,547957.0
1100,Buraydah,26.3333,43.9667,Saudi Arabia,467410.0
1101,Ḩā’il,27.5236,41.7001,Saudi Arabia,385257.0
1102,Al Qaţīf,26.5196,50.0115,Saudi Arabia,368892.0
1103,Al Mubarraz,25.4416,49.6642,Saudi Arabia,298562.0
1104,Al Kharj,24.1556,47.312,Saudi Arabia,298428.0
1105,Yanbu‘,24.0943,38.0493,Saudi Arabia,267590.0
1106,Ḩafr al Bāţin,28.4337,45.9601,Saudi Arabia,249194.0
1107,Al Jubayl,27.0046,49.646,Saudi Arabia,237274.0
1108,Abhā,18.2167,42.5,Saudi Arabia,236157.0
1109,Al Khubar,26.3,50.2167,Saudi Arabia,219679.0
1110,Sakākā,30.0,40.1333,Saudi Arabia,128332.0
1111,Jāzān,16.8892,42.5611,Saudi Arabia,127743.0
1112,Khamīs Mushayţ,18.3,42.7333,Saudi Arabia,99213.0
1113,Qal‘at Bīshah,20.0087,42.5987,Saudi Arabia,88291.0
1114,Najrān,17.4917,44.1322,Saudi Arabia,72038.0
1115,Rafḩā,29.6202,43.4948,Saudi Arabia,64755.0
1116,Al Wajh,26.2324,36.4636,Saudi Arabia,43237.0
1117,Dhahran,26.2667,50.15,Saudi Arabia,32067.0
1118,Arar,30.9833,41.0167,Saudi Arabia,27449.0
1119,As Sulayyil,20.4623,45.5722,Saudi Arabia,24097.0
1120,Dawmat al Jandal,29.8153,39.8664,Saudi Arabia,22583.0
1121,Al Bāḩah,20.0129,41.4677,Saudi Arabia,21983.0
1122,Ad Dir‘īyah,24.7333,46.5756,Saudi Arabia,19143.0
1123,Al Ḩawīyah,21.4411,40.4975,Saudi Arabia,18468.0
1124,Al Majma‘ah,25.9039,45.3456,Saudi Arabia,12065.0
1125,Ḑurumā,24.6173,46.2256,Saudi Arabia,11461.0
1126,Al Qurayyāt,31.3333,37.3333,Saudi Arabia,10000.0
1127,Al Quway‘īyah,24.0737,45.2806,Saudi Arabia,8712.0
1128,Laylá,22.2833,46.7333,Saudi Arabia,7920.0
1129,Turabah,21.2142,41.6331,Saudi Arabia,5324.0
1130,Al Qunfudhah,19.1264,41.0789,Saudi Arabia,157.0
1131,Singapore,1.3,103.8,Singapore,5271000.0
1132,Bratislava,48.1447,17.1128,Slovakia,475503.0
1133,Košice,48.7167,21.25,Slovakia,238593.0
1134,Petržalka,48.1333,17.1167,Slovakia,114000.0
1135,Prešov,49.0,21.2333,Slovakia,88680.0
1136,Žilina,49.2167,18.7333,Slovakia,82704.0
1137,Banská Bystrica,48.7353,19.1453,Slovakia,78327.0
1138,Nitra,48.3147,18.0875,Slovakia,77374.0
1139,Trnava,48.3777,17.5862,Slovakia,65382.0
1140,Trenčín,48.8942,18.0406,Slovakia,55593.0
1141,Martin,49.0636,18.9214,Slovakia,54978.0
1142,Poprad,49.05,20.3,Slovakia,52037.0
1143,Prievidza,48.7714,18.6242,Slovakia,46059.0
1144,Zvolen,48.5831,19.1331,Slovakia,42476.0
1145,Považská Bystrica,49.1167,18.45,Slovakia,39837.0
1146,Michalovce,48.7575,21.9183,Slovakia,39151.0
1147,Nové Zámky,47.9831,18.1728,Slovakia,38172.0
1148,Spišská Nová Ves,48.95,20.5667,Slovakia,37326.0
1149,Komárno,47.7633,18.1283,Slovakia,33927.0
1150,Humenné,48.9306,21.9122,Slovakia,33441.0
1151,Liptovský Mikuláš,49.0811,19.6181,Slovakia,32593.0
1152,Bardejov,49.295,21.2758,Slovakia,32587.0
1153,Levice,48.2136,18.6069,Slovakia,31974.0
1154,Lučenec,48.3314,19.6708,Slovakia,27991.0
1155,Piešťany,48.5833,17.8333,Slovakia,27681.0
1156,Ružomberok,49.0786,19.3083,Slovakia,26854.0
1157,Topoľčany,48.55,18.1833,Slovakia,25492.0
1158,Pezinok,48.2667,17.2667,Slovakia,24900.0
1159,Trebišov,48.6333,21.7167,Slovakia,24587.0
1160,Čadca,49.4386,18.7883,Slovakia,24315.0
1161,Dubnica nad Váhom,48.9575,18.1658,Slovakia,24068.0
1162,Rimavská Sobota,48.3814,20.02,Slovakia,24010.0
1163,Partizánske,48.6333,18.3667,Slovakia,22653.0
1164,Dunajská Streda,47.9961,17.6147,Slovakia,22643.0
1165,Vranov nad Topľou,48.8806,21.6731,Slovakia,22589.0
1166,Šaľa,48.15,17.8833,Slovakia,22219.0
1167,Hlohovec,48.4311,17.8031,Slovakia,21715.0
1168,Brezno,48.8036,19.6381,Slovakia,21082.0
1169,Senica,48.6806,17.3667,Slovakia,20342.0
1170,Senec,48.2189,17.3997,Slovakia,20116.0
1171,Nové Mesto nad Váhom,48.7833,17.8333,Slovakia,20066.0
1172,Snina,48.9881,22.1567,Slovakia,19855.0
1173,Rožňava,48.6586,20.5314,Slovakia,19190.0
1174,Žiar nad Hronom,48.5919,18.8533,Slovakia,19188.0
1175,Malacky,48.4381,17.0236,Slovakia,18935.0
1176,Dolný Kubín,49.2117,19.2992,Slovakia,18905.0
1177,Bánovce nad Bebravou,48.7186,18.2581,Slovakia,18350.0
1178,Púchov,49.12,18.3306,Slovakia,17810.0
1179,Handlová,48.7272,18.7619,Slovakia,17119.0
1180,Kežmarok,49.1383,20.4292,Slovakia,16481.0
1181,Stará Ľubovňa,49.3167,20.6833,Slovakia,16348.0
1182,Madrid,40.4167,-3.7167,Spain,6006000.0
1183,Barcelona,41.3825,2.1769,Spain,4735000.0
1184,Valencia,39.47,-0.3764,Spain,789744.0
1185,Sevilla,37.39,-5.99,Spain,684234.0
1186,Zaragoza,41.65,-0.8833,Spain,675301.0
1187,Málaga,36.7194,-4.42,Spain,577405.0
1188,Murcia,37.9861,-1.1303,Spain,460349.0
1189,Palma,39.5667,2.65,Spain,419366.0
1190,Las Palmas,28.1272,-15.4314,Spain,378675.0
1191,Bilbao,43.2569,-2.9236,Spain,346405.0
1192,Alicante,38.3453,-0.4831,Spain,337304.0
1193,Córdoba,37.8845,-4.7796,Spain,322071.0
1194,Valladolid,41.6528,-4.7236,Spain,297775.0
1195,Vigo,42.2314,-8.7124,Spain,293837.0
1196,Gijón,43.5333,-5.7,Spain,268896.0
1197,Vitoria-Gasteiz,42.85,-2.6833,Spain,253093.0
1198,A Coruña,43.3667,-8.3833,Spain,245468.0
1199,Elche,38.2669,-0.6983,Spain,234205.0
1200,Granada,37.1781,-3.6008,Spain,231775.0
1201,Tarrasa,41.5611,2.0081,Spain,223011.0
1202,Badalona,41.4333,2.2333,Spain,223006.0
1203,Oviedo,43.36,-5.845,Spain,217552.0
1204,Cartagena,37.6,-0.9819,Spain,216365.0
1205,Sabadell,41.5483,2.1075,Spain,216204.0
1206,Jerez de la Frontera,36.6817,-6.1378,Spain,212801.0
1207,Móstoles,40.3333,-3.8667,Spain,209639.0
1208,Santa Cruz,28.4667,-16.25,Spain,208563.0
1209,Pamplona,42.8167,-1.65,Spain,203081.0
1210,Almería,36.8403,-2.4681,Spain,200753.0
1211,Alcalá de Henares,40.4818,-3.3643,Spain,195982.0
1212,Fuenlabrada,40.2833,-3.8,Spain,192233.0
1213,Donostia,43.32,-1.98,Spain,188102.0
1214,Leganés,40.3281,-3.7644,Spain,187762.0
1215,Getafe,40.3047,-3.7311,Spain,183095.0
1216,Burgos,42.3408,-3.6997,Spain,174051.0
1217,Albacete,38.9956,-1.8558,Spain,172722.0
1218,Castellón de la Plana,39.9831,-0.0331,Spain,172589.0
1219,Santander,43.4628,-3.805,Spain,172221.0
1220,Alcorcón,40.35,-3.8333,Spain,170817.0
1221,La Laguna,28.4853,-16.3167,Spain,158010.0
1222,Logroño,42.465,-2.4456,Spain,150808.0
1223,Badajoz,38.8803,-6.9753,Spain,150610.0
1224,Marbella,36.5167,-4.8833,Spain,147958.0
1225,Salamanca,40.9667,-5.6639,Spain,143269.0
1226,Huelva,37.25,-6.95,Spain,142538.0
1227,Lleida,41.6167,0.6333,Spain,140080.0
1228,Dos Hermanas,37.2836,-5.9222,Spain,136250.0
1229,Tarragona,41.1187,1.2453,Spain,135436.0
1230,Torrejón de Ardoz,40.4614,-3.4978,Spain,132771.0
1231,Parla,40.2372,-3.7742,Spain,131689.0
1232,Stockholm,59.3294,18.0686,Sweden,975819.0
1233,Gothenburg,57.6717,11.981,Sweden,604829.0
1234,Malmö,55.5833,13.0333,Sweden,269349.0
1235,Uppsala,59.8498,17.6389,Sweden,165456.0
1236,Uppsala,59.8601,17.64,Sweden,133117.0
1237,Västerås,59.6173,16.5422,Sweden,128534.0
1238,Örebro,59.2669,15.1965,Sweden,126009.0
1239,Linköping,58.4094,15.6257,Sweden,115672.0
1240,Helsingborg,56.0424,12.721,Sweden,113816.0
1241,Umeå,63.8285,20.2706,Sweden,90412.0
1242,Jönköping,57.7833,14.1667,Sweden,89780.0
1243,Norrköping,58.5919,16.1856,Sweden,88639.0
1244,Gävle,60.6748,17.1444,Sweden,77586.0
1245,Karlstad,59.3808,13.5016,Sweden,74141.0
1246,Sundsvall,62.3902,17.3067,Sweden,73389.0
1247,Borås,57.7304,12.92,Sweden,65008.0
1248,Växjö,56.8837,14.8167,Sweden,59600.0
1249,Halmstad,56.6754,12.8587,Sweden,55657.0
1250,Luleå,65.5838,22.1915,Sweden,49123.0
1251,Östersund,63.1775,14.6414,Sweden,46178.0
1252,Trollhättan,58.2671,12.3,Sweden,44543.0
1253,Kalmar,56.6694,16.3218,Sweden,41388.0
1254,Skövde,58.3995,13.8538,Sweden,39543.0
1255,Borlänge,60.4833,15.4167,Sweden,39422.0
1256,Mölndal,57.6542,12.0139,Sweden,37233.0
1257,Falun,60.613,15.647,Sweden,36477.0
1258,Karlskrona,56.1611,15.5881,Sweden,35212.0
1259,Nyköping,58.7582,17.0185,Sweden,33916.0
1260,Kristianstad,56.0337,14.1333,Sweden,32188.0
1261,Skellefteå,64.65,20.85,Sweden,31311.0
1262,Örnsköldsvik,63.294,18.7122,Sweden,27749.0
1263,Kiruna,67.8494,20.2544,Sweden,26703.0
1264,Visby,57.629,18.3071,Sweden,24942.0
1265,Huskvarna,57.7919,14.2756,Sweden,22000.0
1266,Vänersborg,58.363,12.33,Sweden,21835.0
1267,Härnösand,62.6323,17.9379,Sweden,18502.0
1268,Höganäs,56.196,12.5769,Sweden,16001.0
1269,Kinna,57.4954,12.6805,Sweden,15448.0
1270,Mariestad,58.705,13.828,Sweden,14891.0
1271,Mjölby,58.3321,15.1312,Sweden,13947.0
1272,Bollnäs,61.3484,16.3883,Sweden,13398.0
1273,Mora,61.0096,14.5635,Sweden,12826.0
1274,Ulricehamn,57.7917,13.4186,Sweden,11399.0
1275,Tibro,58.419,14.158,Sweden,8614.0
1276,Habo,57.9066,14.0856,Sweden,8516.0
1277,Tidaholm,58.1794,13.9599,Sweden,8146.0
1278,Strömstad,58.9441,11.1864,Sweden,7466.0
1279,Haparanda,65.8342,24.117,Sweden,6554.0
1280,Hjo,58.3044,14.2786,Sweden,6357.0
1281,Kungsör,59.4227,16.1059,Sweden,5913.0
1282,Zürich,47.3744,8.5411,Switzerland,434008.0
1283,Geneva,46.2,6.15,Switzerland,201818.0
1284,Basel,47.5606,7.5906,Switzerland,177827.0
1285,Lausanne,46.5333,6.6333,Switzerland,138905.0
1286,Bern,46.948,7.4474,Switzerland,133798.0
1287,Winterthur,47.4992,8.7267,Switzerland,109775.0
1288,Lucerne,47.0523,8.3059,Switzerland,81691.0
1289,Sankt Gallen,47.4233,9.3772,Switzerland,75833.0
1290,Lugano,46.0103,8.9625,Switzerland,63185.0
1291,Biel/Bienne,47.1372,7.2472,Switzerland,54456.0
1292,Thun,46.759,7.63,Switzerland,43743.0
1293,Bellinzona,46.1956,9.0238,Switzerland,43220.0
1294,Köniz,46.925,7.4153,Switzerland,41507.0
1295,La Chaux-de-Fonds,47.0996,6.8296,Switzerland,38965.0
1296,Fribourg,46.8,7.15,Switzerland,38365.0
1297,Schaffhausen,47.6965,8.6339,Switzerland,36587.0
1298,Vernier,46.2,6.1,Switzerland,35132.0
1299,Chur,46.8521,9.5297,Switzerland,35038.0
1300,Sion,46.2304,7.3661,Switzerland,34708.0
1301,Uster,47.3492,8.7192,Switzerland,34442.0
1302,Neuchâtel,46.9903,6.9306,Switzerland,33475.0
1303,Landecy,46.1897,6.1158,Switzerland,31942.0
1304,Zug,47.1681,8.5169,Switzerland,30542.0
1305,Yverdon-les-Bains,46.7785,6.6408,Switzerland,30157.0
1306,Emmen,47.0772,8.3,Switzerland,29292.0
1307,Dübendorf,47.3981,8.6194,Switzerland,28002.0
1308,Kriens,47.0344,8.28,Switzerland,26997.0
1309,Rapperswil-Jona,47.2286,8.8317,Switzerland,26989.0
1310,Dietikon,47.4056,8.4039,Switzerland,26936.0
1311,Montreux,46.4333,6.9167,Switzerland,25984.0
1312,Frauenfeld,47.5558,8.8964,Switzerland,25442.0
1313,Wetzikon,47.3208,8.7931,Switzerland,24452.0
1314,Baar,47.1956,8.5264,Switzerland,24322.0
1315,Meyrin,46.2322,6.0791,Switzerland,24144.0
1316,Wil,47.4664,9.0497,Switzerland,23768.0
1317,Bulle,46.6167,7.05,Switzerland,22709.0
1318,Horgen,47.2608,8.5975,Switzerland,22662.0
1319,Carouge,46.1817,6.1404,Switzerland,22336.0
1320,Kreuzlingen,47.6458,9.1783,Switzerland,21801.0
1321,Wädenswil,47.2303,8.6722,Switzerland,21716.0
1322,Riehen,47.5794,7.6512,Switzerland,21448.0
1323,Aarau,47.3923,8.0446,Switzerland,21268.0
1324,Allschwil,47.5508,7.5358,Switzerland,21150.0
1325,Renens,46.5353,6.5897,Switzerland,20927.0
1326,Wettingen,47.4659,8.3267,Switzerland,20721.0
1327,Nyon,46.382,6.2389,Switzerland,20272.0
1328,Bülach,47.5189,8.5422,Switzerland,20046.0
1329,Vevey,46.4667,6.85,Switzerland,19891.0
1330,Opfikon,47.4331,8.5719,Switzerland,19864.0
1331,Kloten,47.4481,8.5828,Switzerland,19362.0
1332,Taichung,24.15,120.6667,Taiwan,2803894.0
1333,Kaohsiung,22.6167,120.3,Taiwan,2773533.0
1334,Taipei,25.0478,121.5319,Taiwan,2684567.0
1335,Tainan,22.9833,120.1833,Taiwan,1883831.0
1336,Zhongli,24.965,121.2168,Taiwan,1632616.0
1337,Changhua,24.0667,120.5333,Taiwan,750000.0
1338,Pingtung,22.6761,120.4942,Taiwan,503530.0
1339,Hsinchu,24.8047,120.9714,Taiwan,445635.0
1340,Taoyuan District,24.9889,121.3111,Taiwan,443273.0
1341,Keelung,25.1283,121.7419,Taiwan,370155.0
1342,Chiayi,23.48,120.4497,Taiwan,251938.0
1343,Pingzhen,24.9439,121.2161,Taiwan,201632.0
1344,Zhubei,24.8333,121.0,Taiwan,200000.0
1345,Yangmei,24.9167,121.15,Taiwan,175000.0
1346,Bade,24.9575,121.2989,Taiwan,172065.0
1347,Yilan,24.75,121.75,Taiwan,150000.0
1348,Hualien,23.9722,121.6064,Taiwan,110000.0
1349,Taitung,22.7583,121.1444,Taiwan,108905.0
1350,Douliu,23.7075,120.5439,Taiwan,106653.0
1351,Nantou,23.9167,120.6833,Taiwan,101606.0
1352,Miaoli,24.57,120.82,Taiwan,90963.0
1353,Magong,23.5667,119.5833,Taiwan,56435.0
1354,Zhushan,23.6889,120.7289,Taiwan,54870.0
1355,Pozi,23.4611,120.242,Taiwan,50000.0
1356,Huatan,24.0316,120.558,Taiwan,45907.0
1357,Beigang,23.5667,120.3,Taiwan,40988.0
1358,Taibao,23.45,120.3333,Taiwan,35000.0
1359,Yuanchang,23.642,120.323,Taiwan,25840.0
1360,Ershui,23.8167,120.6167,Taiwan,15240.0
1361,Nangan,26.1598,119.9432,Taiwan,7382.0
1362,Banqiao,25.0143,121.4672,Taiwan,
1363,Jincheng,24.4167,118.3167,Taiwan,
1364,Dubai,25.2697,55.3094,United Arab Emirates,2502715.0
1365,Abu Dhabi,24.4511,54.3969,United Arab Emirates,1483000.0
1366,Sharjah,25.3575,55.3919,United Arab Emirates,1247749.0
1367,Al ‘Ayn,24.2075,55.7447,United Arab Emirates,766936.0
1368,‘Ajmān,25.3994,55.4797,United Arab Emirates,490035.0
1369,Ra’s al Khaymah,25.7851,55.9479,United Arab Emirates,115949.0
1370,Al Fujayrah,25.1308,56.3347,United Arab Emirates,93673.0
1371,Umm al Qaywayn,25.5653,55.5533,United Arab Emirates,44411.0
1372,Madīnat Zāyid,23.6522,53.6536,United Arab Emirates,29095.0
1373,London,51.5072,-0.1275,United Kingdom,11120000.0
1374,Birmingham,52.48,-1.9025,United Kingdom,1137100.0
1375,Leeds,53.7997,-1.5492,United Kingdom,789194.0
1376,Glasgow,55.8611,-4.25,United Kingdom,626410.0
1377,Bristol,51.45,-2.5833,United Kingdom,567111.0
1378,Manchester,53.4794,-2.2453,United Kingdom,547627.0
1379,Sheffield,53.3808,-1.4703,United Kingdom,518090.0
1380,Liverpool,53.4075,-2.9919,United Kingdom,513441.0
1381,Edinburgh,55.953,-3.189,United Kingdom,488050.0
1382,Leicester,52.6344,-1.1319,United Kingdom,464395.0
1383,Coventry,52.4081,-1.5106,United Kingdom,362690.0
1384,Caerdydd,51.4817,-3.1792,United Kingdom,361469.0
1385,Belfast,54.5964,-5.93,United Kingdom,333871.0
1386,Newcastle,55.0077,-1.6578,United Kingdom,300196.0
1387,Bradford,53.8,-1.75,United Kingdom,293277.0
1388,Ipswich,52.0594,1.1556,United Kingdom,290000.0
1389,Nottingham,52.9533,-1.15,United Kingdom,289301.0
1390,Bolton,53.578,-2.429,United Kingdom,285372.0
1391,Sunderland,54.906,-1.381,United Kingdom,277417.0
1392,Southampton,50.9025,-1.4042,United Kingdom,271173.0
1393,Plymouth,50.3714,-4.1422,United Kingdom,267918.0
1394,Kingston upon Hull,53.7444,-0.3325,United Kingdom,260200.0
1395,Derby,52.9217,-1.4769,United Kingdom,255394.0
1396,Westminster,51.4947,-0.1353,United Kingdom,255324.0
1397,Wolverhampton,52.5833,-2.1333,United Kingdom,250970.0
1398,Stoke-on-Trent,53.0,-2.1833,United Kingdom,249008.0
1399,Portsmouth,50.8058,-1.0872,United Kingdom,248440.0
1400,Abertawe,51.6167,-3.95,United Kingdom,245508.0
1401,Barnsley,53.5547,-1.4791,United Kingdom,245199.0
1402,Swindon,51.56,-1.78,United Kingdom,222193.0
1403,Luton,51.8783,-0.4147,United Kingdom,213052.0
1404,Northampton,52.2304,-0.8938,United Kingdom,212100.0
1405,Milton Keynes,52.04,-0.76,United Kingdom,207057.0
1406,Solihull,52.413,-1.778,United Kingdom,206674.0
1407,Aberdeen,57.15,-2.11,United Kingdom,200680.0
1408,Norwich,52.63,1.297,United Kingdom,195971.0
1409,Peterborough,52.5725,-0.2431,United Kingdom,194000.0
1410,Bournemouth,50.72,-1.88,United Kingdom,187503.0
1411,Basildon,51.5761,0.4886,United Kingdom,185900.0
1412,York,53.9583,-1.0803,United Kingdom,181131.0
1413,Warrington,53.3917,-2.5972,United Kingdom,165456.0
1414,Huddersfield,53.645,-1.7798,United Kingdom,162949.0
1415,Reading,51.4542,-0.9731,United Kingdom,162666.0
1416,Southend,51.55,0.71,United Kingdom,160257.0
1417,Oxford,51.7519,-1.2578,United Kingdom,152000.0
1418,Dundee,56.462,-2.9707,United Kingdom,148280.0
1419,West Bromwich,52.519,-1.995,United Kingdom,146386.0
1420,Newport,51.5833,-3.0,United Kingdom,145700.0
1421,Gloucester,51.8644,-2.2444,United Kingdom,145563.0
1422,Poole,50.7167,-1.9833,United Kingdom,144800.0
1423,New York,40.6943,-73.9249,United States,18713220.0
1424,Los Angeles,34.1139,-118.4068,United States,12750807.0
1425,Chicago,41.8373,-87.6862,United States,8604203.0
1426,Miami,25.7839,-80.2102,United States,6445545.0
1427,Dallas,32.7936,-96.7662,United States,5743938.0
1428,Philadelphia,40.0077,-75.1339,United States,5649300.0
1429,Houston,29.7863,-95.3889,United States,5464251.0
1430,Atlanta,33.7627,-84.4224,United States,5449398.0
1431,Washington,38.9047,-77.0163,United States,5379184.0
1432,Boston,42.3188,-71.0846,United States,4688346.0
1433,Phoenix,33.5722,-112.0891,United States,4219697.0
1434,Seattle,47.6211,-122.3244,United States,3789215.0
1435,San Francisco,37.7562,-122.443,United States,3592294.0
1436,Detroit,42.3834,-83.1024,United States,3506126.0
1437,San Diego,32.8312,-117.1225,United States,3220118.0
1438,Minneapolis,44.9635,-93.2678,United States,2977172.0
1439,Tampa,27.9942,-82.4451,United States,2908063.0
1440,Denver,39.7621,-104.8759,United States,2876625.0
1441,Brooklyn,40.6501,-73.9496,United States,2559903.0
1442,Queens,40.7498,-73.7976,United States,2230722.0
1443,Riverside,33.9381,-117.3948,United States,2107852.0
1444,Baltimore,39.3051,-76.6144,United States,2106068.0
1445,Las Vegas,36.2333,-115.2654,United States,2104198.0
1446,Portland,45.5372,-122.65,United States,2074775.0
1447,San Antonio,29.4658,-98.5253,United States,2049293.0
1448,St. Louis,38.6358,-90.2451,United States,2024074.0
1449,Sacramento,38.5667,-121.4683,United States,1898019.0
1450,Orlando,28.4772,-81.3369,United States,1822394.0
1451,San Jose,37.3019,-121.8486,United States,1798103.0
1452,Cleveland,41.4767,-81.6804,United States,1710093.0
1453,Pittsburgh,40.4396,-79.9762,United States,1703266.0
1454,Austin,30.3004,-97.7522,United States,1687311.0
1455,Cincinnati,39.1413,-84.5061,United States,1662691.0
1456,Kansas City,39.1239,-94.5541,United States,1636715.0
1457,Manhattan,40.7834,-73.9662,United States,1628706.0
1458,Indianapolis,39.7771,-86.1458,United States,1588961.0
1459,Columbus,39.9862,-82.985,United States,1562009.0
1460,Charlotte,35.208,-80.8304,United States,1512923.0
1461,Virginia Beach,36.7335,-76.0435,United States,1478868.0
1462,Bronx,40.8501,-73.8662,United States,1418207.0
1463,Milwaukee,43.0642,-87.9673,United States,1365787.0
1464,Providence,41.823,-71.4187,United States,1203230.0
1465,Jacksonville,30.3322,-81.6749,United States,1181496.0
1466,Salt Lake City,40.7777,-111.9306,United States,1098526.0
1467,Nashville,36.1715,-86.7843,United States,1081903.0
1468,Richmond,37.5295,-77.4756,United States,1075798.0
1469,Memphis,35.1046,-89.9773,United States,1066967.0
1470,Raleigh,35.8325,-78.6435,United States,1038738.0
1471,New Orleans,30.0687,-89.9288,United States,1020886.0
1472,Louisville,38.1663,-85.6485,United States,1005654.0
1473,Montevideo,-34.8667,-56.1667,Uruguay,1319108.0
1474,Salto,-31.3883,-57.9606,Uruguay,124878.0
1475,Ciudad de la Costa,-34.8167,-55.95,Uruguay,112449.0
1476,Maldonado,-34.9088,-54.9581,Uruguay,86782.0
1477,Paysandú,-32.32,-58.0756,Uruguay,76429.0
1478,Las Piedras,-34.7167,-56.2167,Uruguay,71268.0
1479,Rivera,-30.9025,-55.5506,Uruguay,64465.0
1480,Tacuarembó,-31.7144,-55.9828,Uruguay,54755.0
1481,Melo,-32.3667,-54.1833,Uruguay,51830.0
1482,Mercedes,-33.25,-58.0319,Uruguay,41974.0
1483,Artigas,-30.4028,-56.4704,Uruguay,40658.0
1484,Minas,-34.3667,-55.2333,Uruguay,38446.0
1485,San José,-34.3333,-56.7167,Uruguay,36747.0
1486,Durazno,-33.3833,-56.5167,Uruguay,34368.0
1487,Florida,-34.1,-56.2167,Uruguay,33639.0
1488,Colonia del Sacramento,-34.4714,-57.8442,Uruguay,26231.0
1489,Pando,-34.7167,-55.9583,Uruguay,25949.0
1490,Treinta y Tres,-33.2308,-54.3822,Uruguay,25477.0
1491,Rocha,-34.4833,-54.35,Uruguay,25422.0
1492,Fray Bentos,-33.1333,-58.3,Uruguay,24406.0
1493,Trinidad,-33.5333,-56.8833,Uruguay,21429.0
1494,Canelones,-34.5228,-56.2778,Uruguay,19865.0
1495,Bella Unión,-30.26,-57.5992,Uruguay,19100.0
1496,Carmelo,-33.9999,-58.2847,Uruguay,18041.0
1497,Santa Lucía,-34.4525,-56.3964,Uruguay,16742.0
1498,Progreso,-34.665,-56.2194,Uruguay,16244.0
1499,Dolores,-33.5333,-58.2167,Uruguay,15753.0
1500,Río Branco,-32.5969,-53.385,Uruguay,14604.0
1501,Paso de los Toros,-32.8181,-56.5064,Uruguay,12985.0
1502,Libertad,-34.6333,-56.6192,Uruguay,11458.0
1503,Nueva Helvecia,-34.2889,-57.2333,Uruguay,10630.0
1504,Nueva Palmira,-33.87,-58.408,Uruguay,9857.0
1505,Chuy,-33.6987,-53.4638,Uruguay,9675.0
1506,Rosario,-34.3139,-57.3525,Uruguay,9311.0
1507,Punta del Este,-34.9786,-54.9331,Uruguay,9277.0
1508,Piriápolis,-34.8661,-55.2747,Uruguay,8830.0
1509,Salinas,-34.7751,-55.8402,Uruguay,8626.0
1510,Parque del Plata,-34.7667,-55.7167,Uruguay,7896.0
1511,Lascano,-33.6731,-54.2078,Uruguay,7645.0
1512,Castillos,-34.1989,-53.8575,Uruguay,7541.0
1513,Tranqueras,-31.1833,-55.7667,Uruguay,7235.0
1514,Sarandí del Yi,-33.3442,-55.6313,Uruguay,7176.0
1515,San Ramón,-34.2914,-55.9542,Uruguay,7133.0
1516,San Jacinto,-34.5444,-55.8719,Uruguay,7000.0
1517,Pan de Azúcar,-34.7757,-55.2247,Uruguay,6597.0
1518,Joaquín Suárez,-34.7336,-56.0367,Uruguay,6570.0
1519,Sauce,-34.6469,-56.0628,Uruguay,6132.0
1520,Sarandí Grande,-33.725,-56.3303,Uruguay,6130.0
1521,Atlántida,-34.7701,-55.7613,Uruguay,5562.0
1522,José Pedro Varela,-33.45,-54.5333,Uruguay,5118.0
